,id,name,location,description,verified,created_at,url,n_followers
0,17419814,Erin,"California, USA",,False,Sun Nov 16 06:58:17 +0000 2008,,79
1,1012141178253344768,TexasFeministTrust,"Texas, USA","Feminism: the theory of the political, economic, and social equality of the sexes   #TrustWomen",False,Thu Jun 28 01:10:36 +0000 2018,,569
2,2828963922,Western Native Voice,Indian Country,Inspiring #Native #Leadership So Our Communities Flourish! #NativeVoicesRising,False,Wed Sep 24 00:34:04 +0000 2014,https://t.co/sW1gzzZRJx,832
3,2294811674,iVote,,iVote is dedicated to the powerful notion that every eligible citizen should be able to vote. What if everyone voted? #votingrights,True,Thu Jan 16 18:01:55 +0000 2014,https://t.co/W0s6V1Kh34,11606
4,866727731144282112,Montana Native Vote,Indian Country,#mtpol #specialelection #nativevote,False,Mon May 22 18:49:28 +0000 2017,,267
5,2815822082,New Georgia Project,"Atlanta, GA","Registering, engaging & advocating w/ the Rising American Electorate through tech, gaming, & pop culture

For press inquiries contact info@newgeorgiaproject.org",False,Wed Sep 17 23:11:33 +0000 2014,https://t.co/CzpQg89nf3,3729
6,1006419421244678144,Greta Thunberg,Sverige,17 year old climate and environmental activist with Asperger‚Äôs #climatestrike #fridaysforfuture,True,Tue Jun 12 06:14:23 +0000 2018,https://t.co/T59gBserXD,3963252
7,713103308,Chicago Votes Action Fund,"Chicago, IL",Policy advocates. Run by young people. Who listen to trap music & change the world. #UnlockCivics #CCJVotes #ParadeToThePolls #DemocracyCorps #GiveAShitChicago,False,Mon Jul 23 20:57:29 +0000 2012,https://t.co/Hag1QqQgS0,4468
8,806659536874602497,CivicTN,,,False,Thu Dec 08 00:39:55 +0000 2016,,36
9,873351734646591489,MsMissy,,,False,Sat Jun 10 01:30:54 +0000 2017,,510
10,820664923231555584,Indivisible Madison,"Madison, WI","Resist, reform, elect. Check out our Facebook page (WeAreIndivisibleMadison) and our FB group (MadisonIAH) for more actions.",False,Sun Jan 15 16:12:19 +0000 2017,https://t.co/qFaAdJ1Xok,5381
11,44476956,Ian's Pizza Madison,"Madison, WI",Where it all began. Here to help... one slice at a time. 3 locations - 100 State Street | 319 N Frances Street | 3241 Garver Green Suite 121,False,Wed Jun 03 22:34:26 +0000 2009,https://t.co/bOMj7gTERa,8017
12,1256120371,Democracy Sausage,Australia,Mappers of #democracysausage locations. It's practically part of the Australian Constitution. Or something.,False,Sun Mar 10 04:50:23 +0000 2013,https://t.co/9G6Z8S8EKf,2421
13,319320598,ELGL üéâ,Worldwide,Engaging Local Government Leaders @govlovepodcast ‚ù§Ô∏è #LocalGov #13Percent #CityHallSelfie #ELGLPopUps #ELGL20 #NDOSC #ELGLRoadTrip #ELGLInspire #ELGLTraeger,False,Fri Jun 17 22:46:59 +0000 2011,https://t.co/Q9j8gQau2K,11654
14,2895440583,GovLove üéô,City Hall,"A podcast about local government, brought to you by @ELGL50. #GovLove #LocalGov",False,Fri Nov 28 02:51:02 +0000 2014,https://t.co/3QEn1n2SWt,3700
15,2384084935,Access Democracy,"Washington, DC","Project of @civilrightsorg's sister org. Partner of @votingislocal. Data-driven advocacy & organizing, to protect the right -- and the ability -- to vote.",False,Tue Mar 11 18:55:05 +0000 2014,https://t.co/wS1SOu9tGg,863
16,72639760,140art,,"‚ïê‚ï©‚ïê‚ï¶‚ïê‚ï©‚ñí‚ñí‚îå‚ï•‚ï•‚îê‚ñí‚ñí‚ïê‚ï¶‚ïê‚ï©‚ïê‚ï¶‚ãï‘µ’™
‚ïê‚ï¶‚ïê‚ï©‚ïê‚ñí‚ñí‚ïî‚ï°‚ñà‚ñà‚ïû‚ïù‚ñí‚ñí‚ï©‚ïê‚ï¶‚ïê‚ï©‚ïê‚ï¶‚ïê
‚ïê‚ï©‚ïê‚ï¶‚ïê‚ï©‚ñí‚ñí‚îî‚ï•‚ï•‚îò‚ñí‚ñí‚ïê‚ï¶‚ïê‚ï©‚ïê‚ï¶‚ïê‚ï©‚ïê
‚ïê‚ï¶‚ïê‚ï©‚ïê‚ï¶‚ïê‚ñí‚ñí‚ïù‚ïö‚ñí‚ñí‚ïê‚ïê‚ï©‚ïê‚ï¶‚ïê‚ï©‚ïê‚ï¶‚ïê",False,Tue Sep 08 19:18:34 +0000 2009,http://t.co/9sCwacfDYc,8959
17,80464900,@tw1tt3rart,"Philadelphia, PA, USA",Twitter Artist: 'ASCII art' in 140-or-less. Drawing pictures & block writing with unicode objects. By @MatthewHaggett,False,Wed Oct 07 02:01:42 +0000 2009,http://t.co/Y7z4S1MHvl,69118
18,876890262785622020,Ascii Art Gallery ‚úå(‚óï‚Äø-)‚úå,Compaq Presario,"Tweet üòé Twitter Ascii Art

#TwitterArt",False,Mon Jun 19 19:51:45 +0000 2017,,464
19,14354447,Garrett Downen,,,False,Thu Apr 10 19:40:12 +0000 2008,,365
20,15474584,Rob Day-Reynolds,,Not so fancy pants coder and #RCTID. Mostly lurk. he/him/his,False,Thu Jul 17 22:04:52 +0000 2008,,181
21,33418013,Michael Sayman,"San Francisco, CA, USA",Class traitor. 2019 #ForbesUnder30. Product @Google. Formerly @Facebook. Peruano/Boliviano. say hi: michaelsayman@me.com üè≥Ô∏è‚Äçüåàüáµüá™üáßüá¥,True,Mon Apr 20 04:12:12 +0000 2009,https://t.co/Poe0wx6TeU,24259
22,33423,John Gruber,Philadelphia,Raconteur.,True,Fri Dec 01 02:52:40 +0000 2006,http://t.co/Ulv6ksdxKF,371081
23,29137937,Purdue Exponent,"West Lafayette, Ind.",All Things Purdue ‚Äì   The official account of Purdue's Independent Student Newspaper,False,Mon Apr 06 03:49:37 +0000 2009,https://t.co/vk10ZMha0r,30070
24,24802436,Charleston City Paper,"Charleston, SC","Free, local, and independent in Charleston since 1997. #CHSnews #Charleston",True,Tue Mar 17 00:11:51 +0000 2009,https://t.co/U7uWimKJ8O,88545
25,3089577327,Chris Filan,"Charleston, SC ",Beer. Soccer. Bicycles. Hot Dogs.,False,Thu Mar 12 18:48:59 +0000 2015,,359
26,668563,Kate O'Neill,NYC/‚úà | she/her | bi | vegan,"Helping humanity prepare for a tech-driven future. Author, #TechHumanist (https://t.co/44Dq9ZAUPL). Keynote speaker. Aspiring hyperpolyglot and lovable goofball.",True,Fri Jan 19 23:04:24 +0000 2007,https://t.co/bJ5ZXebL24,32468
27,408222066,Marcy Sutter,"Washington, DC","Team @MarkWarnerVA. formerly: digital director in climate world. @GWTweets alumna and Oxford Comma fangirl. PHL - DC. she/her.

#ActOnClimate",False,Wed Nov 09 04:21:04 +0000 2011,https://t.co/WoVw4Q1nrg,529
28,15109904,ABC News 4,"Charleston, SC","ABC News 4, the leader in news, sports and information for Charleston and the Lowcountry.",True,Fri Jun 13 18:13:19 +0000 2008,https://t.co/UkHqvpBwvK,95591
29,16813752,Live5News,"Charleston, SC",The Lowcountry's News Leader. Everywhere You Are. Get the latest Lowcountry updates through our apps https://t.co/4WvBZEjE38,True,Thu Oct 16 20:35:17 +0000 2008,https://t.co/yDL4sVfogq,116741
30,3420744365,Nora Abramov,"New York, NY",News and hobby addict. Forensic Files II producer @cnn,True,Thu Aug 13 19:21:32 +0000 2015,,221
31,24881388,Summer Brennan üåà,"Paris, France, for the moment","Author of The Oyster War and High Heel. Next: The Parisian Sphinx. Words in @GrantaMag @parisreview @guardian @NYmag, etc. Former @UN. American in Paris.",True,Tue Mar 17 13:34:38 +0000 2009,https://t.co/i1yNeY1kfP,77783
32,499073990,Debra Messing,New York City ,Actor. Mama. Global Ambassador for HIV/AIDS for PSI.üî• TEXT ME 646-766-1007üî• ‚ÄúSearching.‚Äù Guest Jewelry Editor of Town & Country. Insta: @therealdebramessing.,True,Tue Feb 21 19:01:16 +0000 2012,https://t.co/3oVly3W207,628706
33,151986926,Lauren Makk,"Los Angeles, CA","Home Expert, Design Guru, Creative Genius‚ú® Interior Designer on @HomeMadeSimple for @OWN üì∫ Home Editor for @Yelp ‚ô•Ô∏è",True,Fri Jun 04 19:36:49 +0000 2010,https://t.co/XRJim2D0FG,8834
34,348998306,Ana Gasteyer,,Check out #SugarAndBooze my new festive Holiday album at https://t.co/wa4TTaoK8Q Insta: @anagasteyer Crossword Hints: SNL,True,Fri Aug 05 10:54:47 +0000 2011,https://t.co/Vx6IZITNUP,121664
35,2427316681,Hillary,Berlin,,False,Fri Apr 04 13:46:46 +0000 2014,,19
36,987062571575513094,Erin Mette,"Detroit, MI",Equal Justice Works Fellow @GLELC. Attorney. Environmental justice advocate. Michigander.,False,Thu Apr 19 20:17:10 +0000 2018,,104
37,159564697,Brady Dona,"Los Angeles, CA",,False,Fri Jun 25 18:50:14 +0000 2010,,73
38,473518028,Lauren Lynch,"Philadelphia, PA","riding bicycles, drinking beer, and exploring all Philadelphia has to offer.",False,Wed Jan 25 02:09:39 +0000 2012,,88
39,2226171841,Amelia Lark,Chicago,I spend 73% of my life wrapped in blankets.,False,Mon Dec 02 06:25:16 +0000 2013,,101
40,1520781055,Katie Harlow,"Portland, OR",I just want pancakes. she/her.,False,Sun Jun 16 00:21:27 +0000 2013,,142
41,843952980034383872,Alliance for Youth Action,"Washington, DC","Uniting America's unstoppable young people to strengthen our democracy, fix our economy & fight injustice. Local youth-led organizations growing power for real.",False,Mon Mar 20 22:30:45 +0000 2017,https://t.co/lL7AzrifRM,5809
42,267411156,Rebecca Hersher,,Radio and other stuff for @NPR.,True,Wed Mar 16 22:26:14 +0000 2011,,2268
43,821110,NewEraColorado,Colorado,Colorado's largest young voter mobilization organization. http://t.co/vzGjTZ8EQM http://t.co/yj3bbV5egx    https://t.co/dwMhhWZSMU,False,Thu Mar 08 06:41:10 +0000 2007,http://t.co/6x82SgfFNF,4235
44,2926153520,Stacy Leavens,,she/her/hers,False,Wed Dec 10 21:22:46 +0000 2014,,48
45,15304602,Noah Heller,"Portland, OR","I believe in the common good and other stuff.

noah@noahheller.org 503-805-7625",False,Thu Jul 03 03:26:26 +0000 2008,http://t.co/rrU51kALYH,139
46,80361644,RainbowPUSHCoalition,Chicago,"REV JESSE JACKSON SR., Founder and President. Get Informed, Get Inspired, Get Involved!",True,Tue Oct 06 17:55:30 +0000 2009,https://t.co/HVgPPjdCZQ,25086
47,1009172256256339970,TheVoteNeedsU,,"Wherever you stand, the vote needs U. #theVoteNeedsU",False,Tue Jun 19 20:33:10 +0000 2018,https://t.co/KPPU3XIBMy,56
48,328474134,Tank Schottle,,Official Personal Account Of Special Olympics Athlete Tank Schottle I play Softball Volleyball Basketball Track Golf Bocce :) no politics please Thank you,True,Sun Jul 03 12:54:43 +0000 2011,,63034
49,754312458,NatlVoterRegDay,,"#NationalVoterRegistrationDay is the largest one-day effort to register voters. 2019 was amazing! Keep an eye out for Sept. 22, 2020. Are you #VoteReady?",True,Mon Aug 13 03:17:42 +0000 2012,https://t.co/F38GhuVw1i,9865
50,14146966,John Aravosisüá∫üá∏,"Washington, DC","Digital marketing & advocacy. Editor @AMERICAblog. G‚Äôtown JD/MSFS. Past: UN, The Economist, Senate, World Bank, CDF. Called ‚Äúwacko‚Äù by Rush. EN/SP/FR/IT/GR.üè≥Ô∏è‚Äçüåà",True,Fri Mar 14 14:28:09 +0000 2008,https://t.co/cjhJFC1NPy,100681
51,162436508,#NoWarOnIran,"New York, USA","Founder Project NIA (@projectnia), Co-Founder (@chitaskforce), (@ChiFreeSchool) & (@survivepunish) Abolitionist, Organizer, Educator, Hallmark Channel devotee",False,Sat Jul 03 17:26:16 +0000 2010,http://t.co/1gZARqM6Ho,151153
52,175434906,Project NIA,Chicago,"Project NIA's mission is to dramatically reduce the reliance on arrest, detention, and incarceration for addressing youth crime and violence.",False,Fri Aug 06 16:05:56 +0000 2010,http://t.co/y6MYwHHzTV,14636
53,138203134,Alexandria Ocasio-Cortez,"Bronx + Queens, NYC","US Representative,NY-14 (BX & Queens). In a modern, moral, & wealthy society, no American should be too poor to live. üíØ% People-Funded, no lobbyistüí∞. She/her.",True,Wed Apr 28 22:38:40 +0000 2010,https://t.co/BYjH4stRnI,6192363
54,44279901,Owen Ellickson,"Los Angeles, CA",Superstore ‚Ä¢ Other Space ‚Ä¢ Other Stuff,True,Wed Jun 03 03:16:27 +0000 2009,,71043
55,45499837,Ken Tremendous,"Partridge, KS",I am a pension fund monitor for Fremulon Insurance.,True,Mon Jun 08 04:28:57 +0000 2009,https://t.co/o4NE9gSYJh,193834
56,47509268,sarah jeong,,i write about technology for @nytopinion || not actually a pokemon,True,Tue Jun 16 01:50:52 +0000 2009,,104581
57,2488740426,Jo Ann Hardesty,,personal account. retweet‚Äôs doesn‚Äôt equal endorsements,False,Sat May 10 20:27:08 +0000 2014,https://t.co/WkiWvITYCs,1888
58,796836543725867008,PDX Resistance ‚úä,"Portland, OR","Our movement will endure, gather, and thrive. Each act of oppression spurs us to recommit our hands and our hearts. We work, we grow, we change ‚Äî we resist!",False,Thu Nov 10 22:06:51 +0000 2016,https://t.co/EhpG5PxIqK,9619
59,193958168,Gregory McKelvey,"Portland, OR",Father of Stokely and Sojourner. Partner of @KatNStevens. Flexitarian. Vice-Chair of Oregon Dems Black Caucus. Tweets are not reflective of employer. #Sarah2020,True,Thu Sep 23 02:21:49 +0000 2010,https://t.co/LUz5wk17oB,18919
60,800210294995709952,Portland DSA,"Portland, OR","Democratic Socialists of America of Portland, OR. We reject all forms of exploitation & oppression and organize with the ultimate goal of ending capitalism.",False,Sun Nov 20 05:32:56 +0000 2016,https://t.co/xI4FqAaYwV,10500
61,9589252,Voto Latino,IG: VotoLatino,"We‚Äôre organizing and getting our people to the polls in 2020. üíÅüèΩ‚Äç‚ôÄÔ∏è Btw, have you registered to vote?",True,Mon Oct 22 02:04:15 +0000 2007,https://t.co/0QIL25ebX4,98649
62,2977725884,New York City DSA üåπ,New York City,"We're the NYC local of @DemSocialists, the largest socialist organization in the United States!üåπ| üá´: https://t.co/70fuLUBwUy | üì∏: https://t.co/nCX8yrS4pc | #DSAForBernie",False,Mon Jan 12 21:49:23 +0000 2015,https://t.co/WWK4vlzNLH,27716
63,10642632,Joshua Skinner,"Portland, OR",At my best when I'm challenging others to grow. Really fucking gay. Senior Developer. Starting to work on games in my spare time.  https://t.co/ufcRccYiwe he/him,False,Tue Nov 27 00:51:12 +0000 2007,https://t.co/BmwDQ9aIw6,204
64,227409764,YDSA,United States,"Student section, @demsocialists Organizing students, workers, faculty and staff at campuses across the country. Join us!

Start a chapter: https://t.co/DBaMG49BxR",True,Thu Dec 16 19:34:35 +0000 2010,https://t.co/hB08ohoEKz,31442
65,142849883,United We Dream,HereToStay,UWD is the first & largest immigrant youth-led organization in the nation. #AbolishICE #JoyousRebellion #HereToStay #DefundHate | United We Dream Action = uwda,True,Tue May 11 23:05:53 +0000 2010,https://t.co/3RDw0Z9Vnb,106445
66,43638469,Ben Jealous,"Baltimore, MD",Father & Son. Brother & Friend. Entrepreneur & Advocate.,True,Sun May 31 04:07:23 +0000 2009,,103062
67,355591226,DSA üåπ,,Democratic Socialists of America is the largest and fastest growing socialist organization in the USA. Students: @ydsa_ üåπ Tweets are not official statements.,True,Mon Aug 15 16:01:21 +0000 2011,https://t.co/RfACvlo7eD,226440
68,139070492,Joanna Klonsky,Chicago,communications strategist; team @chicagosmayor; alum: @kimfoxxforSA @fritz4assessor @progressivechi +; @girltalkchi producer; @chicagovotes cofounder. she/her,False,Sat May 01 13:10:30 +0000 2010,https://t.co/95qkrZqAlQ,5109
69,9987762,Ben Matasar,"Portland, OR",I once walked off the end of a pier. Eng at @TheDemocrats (opinions mine). Ex @twitter/@hellocivil/@dabbledb/@intel he/him,False,Tue Nov 06 04:51:49 +0000 2007,https://t.co/lvulMdiXZH,2634
70,809420163711909888,Run for Something,,Helping recruit & support young people running for office. Building a Democratic bench. Want to help? hello@runforsomething.net,False,Thu Dec 15 15:29:40 +0000 2016,https://t.co/hFDirsk5rf,77214
71,753623149929869312,Our Revolution,,Campaigns end. Revolutions endure. This is the official account of Our Revolution. Text PROGRESS to 83224 to get involved.,True,Thu Jul 14 16:12:15 +0000 2016,https://t.co/izXsPo2aL7,126887
72,2973499941,Geoff Campbell (MiamiGator),Miami,"Writer | Progressive UF grad | Ashkenazi üîØ | Miami, Florida born & raised‚òÄÔ∏è | #Bernie2020 | Chair of The People's Progressive Caucus of Miami-Dade |",False,Sun Jan 11 18:59:47 +0000 2015,https://t.co/tZXwvUQYf6,19784
73,32871086,Kyle Griffin,"Manhattan, NY",Senior Producer. MSNBC's @TheLastWord. Opinions mine. Not as outlandish as I could be.,True,Sat Apr 18 12:45:48 +0000 2009,https://t.co/lgyZmnczMB,672772
74,11744152,Yashar Ali üêò,NYC/LA,New York Magazine/HuffPost Contributor Email: currentyashar@gmail.com Direct Messages Open Text/Call/Signal/Confide/WhatsApp: 310-795-2497. Agents: UTA,True,Wed Jan 02 06:55:39 +0000 2008,https://t.co/DC2FMygUBK,560831
75,125375423,Sean T at RCP,,"Sr. Elections Analyst at RCP. Co-Author, Almanac Am. Pols. 2014.  Recovering Attorney. If you think this has a happy ending, you haven't been paying attention.",True,Mon Mar 22 16:14:02 +0000 2010,,45153
76,4368095237,Progressive Army,United States,"Providing knowledge to counter decades of right-wing propaganda. A platform for the people. Tweets from Progressive Army, its hosts, writers & members.",False,Fri Dec 04 03:46:18 +0000 2015,https://t.co/nubiLiWOKF,14957
77,472587261,Clint Smith,,Writer. Teacher. Emerson Fellow @NewAmerica. PhD Candidate @Harvard. Author of Counting Descent.,True,Tue Jan 24 03:09:01 +0000 2012,https://t.co/v22BrldDuy,314504
78,800704496246484992,Swing Left,United States of America,"We‚Äôre flipping the Senate, the White House and key state legislatures by empowering volunteers everywhere to help win critical elections. Join us!",True,Mon Nov 21 14:16:43 +0000 2016,https://t.co/PDJZNE6eDn,183514
79,188793260,Nina Turner,"Cleveland, OH","Blessed By God! Wife, Mother, Sister, National Co-Chair @BernieSanders Campaign, Ohio State Senator, Professor. IG: ninaturnerohio & FB: ninaturner.",True,Thu Sep 09 16:15:09 +0000 2010,https://t.co/y6NcYTmVVg,239152
80,18839937,DopesAnd/OrBabiesHat,Los Angeles,"Most tweets by Ken White. I do the RICO. Host, Make No Law https://t.co/ax06jy4VSX, co-host, All The President's Lawyers @KCRW",False,Sat Jan 10 17:24:58 +0000 2009,https://t.co/y1EN0rnI1n,219524
81,1917731,The Hill,"Washington, DC","The Hill is the premier source for policy and political news. Follow for tweets on what's happening in Washington, breaking news and retweets of our reporters.",True,Thu Mar 22 18:15:18 +0000 2007,http://t.co/t414UtTRv4,3518291
82,16017475,Nate Silver,New York,"Editor-in-Chief, @FiveThirtyEight. Author, The Signal and the Noise (https://t.co/EYTxvN6BLY). Sports/politics/food geek.",True,Wed Aug 27 20:56:45 +0000 2008,http://t.co/wNpFg2xg4f,3216840
83,737319243566305281,MOVE Texas,Texas,"Mobilize | Organize | Vote | Empower | 

We're a grassroots, nonpartisan, non-profit dedicated to giving young people a voice in our politics.",False,Mon May 30 16:26:21 +0000 2016,https://t.co/mBCFfCRmCK,3381
84,4790358079,Sarah Iannarone (she/her),"Portland, Oregon, USA","Community-powered, publicly-financed, future-facing progressive for Portland Mayor | Follow @Sarah2020 | Our City üèò Our Future üåé Our Choice üó≥Ô∏è #OurPortland",False,Wed Jan 20 20:43:34 +0000 2016,https://t.co/LUz5wk17oB,8914
85,138141495,(((Harry Enten))),"I trust no living human, but I do trust the polls.","Son of a man who was far from perfect, but I loved him anyway.

Party ID does not equal Party Registration. #RenegadeJew",True,Wed Apr 28 18:52:15 +0000 2010,https://t.co/97jmqtyeYE,143171
86,808108063,Michael McDonald,"Gainesville, FL",Associate Professor at the University of Florida who specializes in American elections,False,Fri Sep 07 03:33:56 +0000 2012,https://t.co/wEomdPBFGM,34584
87,74820061,Dave Wasserman,"Washington, DC","U.S. House editor of the nonpartisan @CookPolitical Report & @NBCNews contributor. Nerd for üó∫Ô∏è maps, üìà election data, ‚õ∑Ô∏è ski slopes & üéª trad tunes.",True,Wed Sep 16 19:50:43 +0000 2009,https://t.co/aP3wcOmlEz,176743
88,15537302,Taniel,,"Daniel Nichanian. crim justice, local elections, voting rights, political theory. Editor of @TheAppeal: Political Report. Fellow, @Justice_Collab. PhD, UChicago",True,Tue Jul 22 21:06:43 +0000 2008,https://t.co/byUNv24Avy,58293
89,435571397,Osita Nwanevu,Baltimore,Staff Writer | @newrepublic,False,Tue Dec 13 06:17:03 +0000 2011,,58009
90,965231053119148032,Jaclyn Corin,,Harvard ‚Äò23 | Co-Founder of @AMarch4OurLives,True,Sun Feb 18 14:26:30 +0000 2018,,186043
91,964032914626359296,Cam Kasky,"Parkland, FL",Co-Founder of March For Our Lives //Columbia ‚Äò23// The Tiffany Trump of Parkland,True,Thu Feb 15 07:05:32 +0000 2018,,424799
92,1915033663,David Hogg,"Parkland , FL","Good at protesting, bad at spelling | He, Him, His @AMarch4OurLives Co-Founder and board member | posts made here are my own views contactdavidhogg@gmail.com",True,Sat Sep 28 18:48:33 +0000 2013,https://t.co/RDsZj8Gq8t,997956
93,965266179836252161,Emma Gonz√°lez,Gender: Agnostic,Change ? in my country ? it's more likely than you think.,True,Sun Feb 18 16:46:05 +0000 2018,https://t.co/R7UmJcihPj,1612416
94,1480825675,Alissa McLean,"Berkeley, CA",UX research & consumer insights. Mom of 3. #NeverBernie (it's a primary!). We could have had Kamala but I guess it's Joe. üòèü§∑üèº‚Äç‚ôÄÔ∏è Opinions mine alone.,False,Mon Jun 03 22:52:47 +0000 2013,,2855
95,964531745893863425,National School Walkout,"Ridgefield, CT",Our lives. Our movement.,True,Fri Feb 16 16:07:43 +0000 2018,https://t.co/ufBdV44xCZ,110601
96,965015705123930114,March For Our Lives,,Let‚Äôs create a safer America. Text CHANGE to 954-954 to join the movement.,True,Sun Feb 18 00:10:48 +0000 2018,https://t.co/G7BxWrflHz,464721
97,14372270,melissa üö´‚úÇÔ∏è‚ÄùCANCEL ALL STUDENT DEBT‚Äù byrne,"philly. (and dc, nyc, and ca)",CA Grassroots Director @berniesanders. still banned from trump tower. organizer. let‚Äôs win free college. #cancelstudentdebt.,True,Sun Apr 13 02:00:29 +0000 2008,,21340
98,19024813,Becka ‚ùÑÔ∏èü•∂ Wall,"Washington, DC",@AmericanUAlum | feminist | activist |üçï enthusiast | proud Hufflepuff | master of puns. Professional tweeter. Opinions my own. she/her üíÅ‚Äç‚ôÄ,False,Thu Jan 15 15:15:21 +0000 2009,https://t.co/CRNrK6Qspj,1324
99,602847584,Brad Harper,"Montgomery, Alabama","Writing about business, development and change for @MGMAdvertiser
334-240-0116 - bharper1@gannett.com - Pic by @KDFiscus",True,Fri Jun 08 15:36:13 +0000 2012,https://t.co/LIJQAmVgF6,904
100,119561017,mx. piggy,queens,your chill friend // comics @thenib + everywhere // they/them,True,Thu Mar 04 00:54:04 +0000 2010,https://t.co/b52qYUb3sx,36732
101,863972088,Daniela Mrabti,"Washington, DC",Comms Manager at @alliance4youth | alumna of @lewisandclark| Views are my own | She/Her/Hers,False,Sat Oct 06 02:01:09 +0000 2012,,127
102,827188692766834688,Indivisible IL9 - Andersonville-Edgewater,"Chicago, IL",,False,Thu Feb 02 16:15:27 +0000 2017,,1190
103,825734486038028288,Indivisible Aspen üéø,"Aspen, CO",We'll keep you informed & help you take action. Let's hold Trump and our Members of Congress accountable! #DontMessWithZG,False,Sun Jan 29 15:56:57 +0000 2017,https://t.co/4xE0zb57lb,1124
104,827285891320205314,ACTIndivisible,‚òÜTEXAS‚òÜ,#Persistance ¬§ #Compassion ¬§ #Empathy ¬§ #Courage ¬§ #Peace ¬§ #Feminist ¬§ #HEARTSMILE ¬§ #DEMWorks ¬§ #UNITEBlue ¬§ #ACTIndivisible ¬§ #VOTE,False,Thu Feb 02 22:41:41 +0000 2017,https://t.co/nTFfwHqqNz,1735
105,829539878534791170,Indivisible Nob Hill,"Albuquerque, NM","This is the official Twitter feed of Indivisible Nob Hill in Albuquerque, NM. Our group will work together using: Indivisible Guide Resisting the Trump Agenda.",False,Thu Feb 09 03:58:13 +0000 2017,,832
106,810590628727914496,Indivisible Guide,"Washington, DC",Former congressional staffers reveal best practices for making Congress listen. We're not the leaders of this movement. You are.,True,Sun Dec 18 21:00:40 +0000 2016,https://t.co/jdcxDFI7zk,281199
107,816904460685479936,Indivisible Oklahoma,"Oklahoma, USA","50+ #indivisible groups in Oklahoma w/progressive values, activists dedicated to principles of justice, compassion, equality and honesty in government. #resist",False,Thu Jan 05 07:09:35 +0000 2017,https://t.co/IiNkrHF7E3,2781
108,37483487,Elizabeth Pugliese,"Montgomery County, Maryland",Providing legal services to those who think they can't afford a lawyer.,False,Sun May 03 19:37:31 +0000 2009,http://t.co/r1vHtjK4me,326
109,826172100188647424,Dulles Justice,Dulles Airport (IAD),"Non-partisan alliance of attorneys, advocates, and legal service organizations mobilizing for justice.",False,Mon Jan 30 20:55:53 +0000 2017,https://t.co/lvfOFr4Hfu,2723
110,30490439,Slice,Nationwide,We've moved! Follow @slice to continue the conversation about the best local pizza.üçï,False,Sat Apr 11 17:57:57 +0000 2009,https://t.co/094IJW3icR,16915
111,23281108,Marc E. Elias,"Washington, DC",Lawyer fighting to elect Democrats and protect voting rights. My dog's name is Bode.,True,Sun Mar 08 05:37:36 +0000 2009,,63073
112,19148225,Truman Chipotle,"Raleigh, NC",taking a break from Twitter for the foreseeable future,False,Sun Jan 18 16:11:03 +0000 2009,,11951
113,342926757,katie nguyen,,"comedian, writer‚Äì find me taking a nap in the green room",False,Tue Jul 26 20:05:11 +0000 2011,https://t.co/9WpBWjSyOR,1212
114,130496027,Jon Favreau,"Los Angeles, CA","The Other One.               @Crookedmedia, @PodSaveAmerica, and The Wilderness (Check out Season 2)",True,Wed Apr 07 13:10:43 +0000 2010,https://t.co/5vu4M5YOJv,1275165
115,4443851,erica,America,"I work in tech, but I live in pop culture",False,Fri Apr 13 03:01:26 +0000 2007,,487
116,52774637,Shushannah Walshe,,Journalist and Co-Author of Sarah From Alaska. RTs are not endorsements.,True,Wed Jul 01 16:36:40 +0000 2009,https://t.co/SO3M0qceOH,12104
117,2777148199,Ted Hamlin,"Washington, DC",DC public affairs. @rc_markets @realclearnews alum. Upstate NY ‚û°Ô∏è @UVA ‚û°Ô∏è Swamp. @Wegmans aficionado. Wahoowa,False,Thu Aug 28 20:46:30 +0000 2014,,295
118,501294512,abe laboriel jr,omnipresent...,,True,Fri Feb 24 00:36:46 +0000 2012,https://t.co/Ci4nKcuH9X,20728
119,463765807,Nate Cohn,"New York, NY","I write for The New York Times at @UpshotNYT. I cover elections, polling, and demographics. Northwest expat.",True,Sat Jan 14 13:09:57 +0000 2012,http://t.co/Asw8udCulx,223918
120,63065243,Gender Heretic,"Freedom Hills, AL","""I hate that thing you just said, therefore it was hate speech""

""I am a real woman. Because I say so. Can't you tell?""",False,Wed Aug 05 07:36:03 +0000 2009,,6559
121,22066530,Aron Kader,Los Angeles,Everything bagel every time. Owner of bowling shoes. @thecomedystore,False,Thu Feb 26 21:42:02 +0000 2009,https://t.co/fTSqffCHhg,5659
122,744560720759644160,Hand Truth,Reality!,#releasethemeasurements #handtruth #truthisoutthere #wakeup #digitalrecords #longtimelistenerfirsttimecaller,False,Sun Jun 19 16:01:23 +0000 2016,,4
123,5971922,Boing Boing,Directory of Wonderful Things,A Directory of Wonderful Things.,True,Fri May 11 19:14:39 +0000 2007,https://t.co/84Dq61NblP,232698
124,8315692,Glenn Fleishman,"Seattle, WA","Want a tiny type museum full of real printing artifacts? Link in bio. Journalist. Host, @electionpodcast. Parent. Two-time Jeopardy! champ. He/him.",True,Mon Aug 20 21:39:39 +0000 2007,https://t.co/hTMzixujRF,27671
125,16985304,Evan,Houston,Houstonian. Pulitzer finalist. Constant gardener. I no longer love our technodystopian future.,True,Sun Oct 26 20:30:20 +0000 2008,https://t.co/7G8Yk0uYGz,7510
126,767,Xeni Jardin,The wilderness,I‚Äôm part of @BoingBoing. OG internet journalist. Support my voice: https://t.co/n4bVjE8RfQ. Outliving breast cancer. ü¶ã xeni@xeni.net,True,Fri Jul 14 05:49:14 +0000 2006,https://t.co/6aKaGkN1LB,155992
127,807095,The New York Times,New York City,"News tips? Share them here: https://t.co/ghL9OoYKMM

""The Weekly"" is our new TV series. Episodes air Sundays at 10 p.m. on FX and on Hulu the next day.",True,Fri Mar 02 20:41:42 +0000 2007,http://t.co/ahvuWqicF9,44940575
128,173836953,Mike,Parts Unknown,Bourgeois Degenerate,False,Mon Aug 02 13:48:03 +0000 2010,,77
129,14246001,Mike Allen,"Arlington, Va.","co-founder of Axios, the next great media company; co-founder of Politico",True,Fri Mar 28 18:52:55 +0000 2008,https://t.co/yTFLNXeDwu,406584
130,130945778,Molly Ball,"Washington, D.C.","National political correspondent, @TIME. Political analyst, @CNN. Author, PELOSI, coming May 2020. I'm not going to argue with you on Twitter.",True,Thu Apr 08 20:30:19 +0000 2010,https://t.co/jsOnm0OyJG,134220
131,282545479,Michael Barbaro,"New York, NY",Host of The Daily.,True,Fri Apr 15 12:18:28 +0000 2011,https://t.co/8JpN3gLjgE,206811
132,258885469,Nick Confessore,,"Reporter for @NYTimes, staff writer at @NYTmag, @MSNBC political analyst.",True,Mon Feb 28 18:27:35 +0000 2011,https://t.co/ay0J3pz8WH,191221
133,427679559,iokea 17,"Ola'a, Hawai'i","Beauty, kindness, compassion, and presence are touchstones. By beauty, I mean: sharing and caring for the earth, the water, the air, the fire. Namaste.",False,Sat Dec 03 20:51:51 +0000 2011,,1520
134,93069110,Maggie Haberman,,"White House correspondent for NYTimes, analyst for CNN. RTs don't imply agreement. maggie.haberman@nytimes.com",True,Fri Nov 27 23:14:06 +0000 2009,,1213003
135,20281013,Evan McMorris-Santoro,Brooklyn,@CNN correspondent,True,Fri Feb 06 23:09:59 +0000 2009,,34577
136,16006592,Benjy Sarlin,"Washington, DC",Policy editor at @NBCNews. I cover elections and their consequences. Take it off Twitter at Benjy.Sarlin@nbcuni.com.,True,Wed Aug 27 02:27:23 +0000 2008,,105865
137,19847765,Sahil Kapur,"Washington, D.C.",,True,Sun Feb 01 05:18:57 +0000 2009,,138991
138,30130236,Kristin,Philadelphia,"Politics, NBA (LeBron üëë), dogs, Netflix, TV, classic movies, books, celiac ü§¨, justice ‚úäüèΩ Likes: Magnets, ghouls. Dislikes: People‚Äôs knees, mice.",False,Fri Apr 10 02:01:56 +0000 2009,https://t.co/GYNywmUgfU,22284
139,22429979,southpaw,,"Writer, lawyer, Dodger fan, idealist, hater. nycsouthpaw18 at gmail. RTs = endorsement or scorn.",False,Mon Mar 02 00:50:07 +0000 2009,,180140
140,156174978,Tim Davis,"Los Angeles, CA","Screenwriter & Producer of Murder Made Easy. Writer of scripts. Former reality producer including some WWE shows. I love Doctor Who, old movies & my dog.",False,Wed Jun 16 06:09:33 +0000 2010,https://t.co/5HzVw3DAXm,5476
141,36890646,Dan Merica,"Washington, D.C.",Political Reporter for @CNN. Covering the 2020 elections. @BentleyU & @AmericanU grad. Nats fan. dan.merica@cnn.com,True,Fri May 01 05:21:55 +0000 2009,https://t.co/MJqdxt0suW,77675
142,16244449,Josh Barro,"New York, New York","Business columnist for @NYMag. Host of KCRW's Left, Right & Center. Cohost w/ @popehat of LRC Presents: All the President's Lawyers. Instagram: @ joshbarro",True,Thu Sep 11 17:57:48 +0000 2008,,250435
143,18723501,Oh THAT Guy,"It's everything, really",I do the politics. I have opinions about things. I make antisemites rue their birth. I show you yourself when you forget who you are.,False,Wed Jan 07 14:55:36 +0000 2009,https://t.co/p9tThdCxeY,15692
144,11762572,Richard Lui MSNBC,30 Rockefeller Plaza,"News anchor, ex-CNN | #caregiver #ENDALZ | #HiddenHeroes ambassador | Fellow @GMFus @NACD | ex-campaign mgr | @MichiganRoss, fintech patent-er | @WashSpeakers",True,Wed Jan 02 17:08:53 +0000 2008,https://t.co/d8FxkumcC5,111263
145,82167518,Alex Seitz-Wald,"Washington, DC","Senior Digital Politics Reporter for @NBCNews, covering 2020 because 2016 didn't kill me.",True,Tue Oct 13 19:13:32 +0000 2009,,58546
146,27075032,Oliver Darcy,New York City,"senior media reporter, @CNN. covering the intersection of media & politics. sometimes tech. inbox: oliver.darcy@turner.com",True,Fri Mar 27 19:20:52 +0000 2009,,105040
147,17243247,Lucky,,"Raised in Detroit, live in Atlanta. I like pie.",True,Sat Nov 08 02:07:16 +0000 2008,,32693
148,21316253,Zeke Miller,"Washington, DC",White House Reporter @AP. Email: zekejmiller@gmail.com Links&RTs‚â†Endorsements,True,Thu Feb 19 17:01:16 +0000 2009,https://t.co/48pFaJVRcr,223815
149,928219752,William Dalrymple,New Delhi,"Historian, art historian & photographer, Mehrauli goatherd, kabooter baz & baadfaroosh. Writes the occasional book.",True,Mon Nov 05 19:13:41 +0000 2012,https://t.co/HVooCX5gck,1167926
150,3388179673,Sky McLeod,"Portland, OR","Sky, the filmmaker and sassy blind lady. Not to be confused with the cultural construction that denotes an area of earth's atmosphere perceivable by humans",False,Sun Aug 30 02:50:41 +0000 2015,http://t.co/jhdYoT9KGr,190
151,82455213,RuPaul,LAX / JFK,You're born naked & the rest is drag,True,Wed Oct 14 20:56:32 +0000 2009,,1410786
152,726173367066193920,anna,a wooded north carolina castle,"insufferable lit major ‚Ä¢ post-Soviet witch ‚Ä¢ words about books @moscowtimes ‚Ä¢ ""Does it make you happy to read about depression and anxiety?"" ‚Äîmy prof",False,Fri Apr 29 22:16:37 +0000 2016,https://t.co/c28MXqBFNT,637
153,456981684,Keith Boag,,"Washington Correspondent CBC News, retired. Still a troll muter.",True,Fri Jan 06 22:03:29 +0000 2012,,6864
154,342233158,Brent D. Griffiths,"District of Columbia, USA","Researcher @washingtonpost | Contributing author 2020 Almanac of American Politics | @uiowa alumn, devout #Huskers fan -- though we always lose to the Hawkeyes.",True,Mon Jul 25 17:51:54 +0000 2011,,1884
155,121795745,Abby Livingston,"Washington, DC","DC buro chief @TexasTribune. Ex-Roll Call, CNNer, NBCer, soap opera intern. I ‚ù§Ô∏è Springsteen, Belinda Carlisle songs, tambourines, softball, Longhorns & America",True,Wed Mar 10 16:20:17 +0000 2010,https://t.co/6AlMrCBSkt,29093
156,44685373,Peter Henderson,Toronto,"Writer and editor specializing in finance, technology and AI. Formerly an award-losing business journalist. I want to believe. He/him.",True,Thu Jun 04 18:42:30 +0000 2009,http://t.co/xLs954NapM,2028
157,2981536642,Hannah Eden,"Northwest Territories, Canada",Visual Journalist in Canada's North,False,Fri Jan 16 18:14:40 +0000 2015,https://t.co/z5r0fCZji6,227
158,165944767,Ashley Feinberg,"Brooklyn, NY",send tips to ashley@slate.com | DM for Signal #,True,Mon Jul 12 23:19:50 +0000 2010,,200700
159,7249822,Ben Templesmith,Online store:,"Australo-American. Writer, artist, fashion designer, rider of the Squid. Made career out of Werewolf sodomy and dead fetus powered robots.",False,Wed Jul 04 13:28:35 +0000 2007,https://t.co/nO4nKplkfr,24160
160,24594836,Ben Bell,"New York, USA","Coordinating producer, @abc politics desk",True,Sun Mar 15 22:03:23 +0000 2009,https://t.co/sZJgPvCNQR,4605
161,728595407144550402,Dungeons And Donalds,Trump Dungeon,The beauty of me is that I‚Äôm very good at role playing.  Fake posts!,False,Fri May 06 14:40:56 +0000 2016,,39733
162,19084896,Rick Wilson,Florida and points beyond,"Apostate GOP Media Guy, writer, NYT #1 best-selling author. Lincoln Project co-founder. Order ""Running Against The Devil"" here: https://t.co/pyyPlDP6dF",True,Fri Jan 16 20:50:17 +0000 2009,https://t.co/v8WIBGbxc3,686909
163,1636590253,Tim Cook,Cupertino,"Apple CEO Ô£ø Auburn üèÄ üèà Duke üèÄ National Parks üèûÔ∏è ‚ÄúLife's most persistent and urgent question is, 'What are you doing for others?'‚Äù - MLK",True,Wed Jul 31 22:41:25 +0000 2013,,11664833
164,1394399438,John Legere,"Bellevue,WA/New York City","Magenta-wearing, customer-loving @TMobile USA CEO focused on ending wireless pain points & scaring our competitors! Also, #IamBatman",True,Wed May 01 11:13:13 +0000 2013,https://t.co/HVTpkeRnYz,6569150
165,1106501,Joan Walsh,"New York, NY","National Affairs Correspondent, The Nation; @CNN political contributor; author, What's the Matter With White People? Proud mother of @NoraWD I block stupid TM",True,Tue Mar 13 18:38:05 +0000 2007,https://t.co/rVtE6bdYoM,345806
166,15220768,David Corn,"Washington, DC","D.C. bureau chief of Mother Jones, MSNBC analyst, & author (with @Isikoff) of the NYT No. 1 best-selling book RUSSIAN ROULETTE.",True,Tue Jun 24 15:58:28 +0000 2008,https://t.co/F0ddSvYEjy,794430
167,17291452,Tim Murphy,NYC,I write about national politics and sinkholes for @motherjones.   508.308.4715. tmurphy@motherjones.com,True,Mon Nov 10 18:13:28 +0000 2008,https://t.co/GEPNbka3Hr,30699
168,140286364,Niels Lesniewski,"Washington, D.C.","Stroke survivor.
Senior writer at @rollcall and @CQnow trying to cover the Senate and the White House.
Bourbon drinker.
niels@cqrollcall.com",True,Wed May 05 03:22:19 +0000 2010,,32907
169,46557945,Steven Dennis,"Washington, DC",@Bloomberg reporter. I talk to U.S. Senators in hallways. Pierre Delecto talks to me. Ex-White House/CQ/Roll Call. Opinions mine. Email sdennis17@bloomberg.net,True,Fri Jun 12 02:29:03 +0000 2009,,106112
170,15837659,Jennifer Bendery,"Washington, DC",Senior politics reporter for HuffPost. Veep of Washington Press Club Foundation. üè≥Ô∏è‚Äçüåà Tips: jen.bendery@huffpost.com,True,Wed Aug 13 15:05:39 +0000 2008,https://t.co/13UoiCscOi,79219
171,142721190,Elise Foley,"Washington, DC",HuffPost deputy enterprise editor. Email: elise dot foley at huffpost dot com,True,Tue May 11 15:42:57 +0000 2010,https://t.co/kkbVqkf30r,60934
172,15727317,Amanda Terkel,"Washington, DC","Washington Bureau Chief, HuffPost. aterkel at huffpost dot com Sign up for my newsletter: https://t.co/kO4RwneZRf DMs are open.",True,Mon Aug 04 20:24:44 +0000 2008,https://t.co/xT79unCEKu,104292
173,15463671,Sam Stein,"Washington, D.C.","Daily Beast/MSNBC  
newsletter: https://t.co/DVURxntWdL Email: steindailybeast [at] https://t.co/N8GNSmiLuw or samsteintdb [at] https://t.co/LpPvQHdIi0 or DM",True,Thu Jul 17 03:38:29 +0000 2008,,441654
174,217064621,Simon Maloy,Just outside the Beltway,"Senior writer, @mmfa. You've also seen me in @TheWeek, @RollingStone, @Salon, @TheProspect -- tweets are my own etc. smaloy@mediamatters.org 202-772-0102",True,Thu Nov 18 13:53:27 +0000 2010,,55803
175,24431892,Markos Moulitsas,"Berkeley, California","Founder of Daily Kos, Co-founder Vox Media. Author of The Resistance Handbook: 45 Ways to Fight Trump",True,Sat Mar 14 21:20:57 +0000 2009,https://t.co/mVMa2qsi1G,177321
176,15224867,Anderson Cooper,New York,tweets by Anderson Cooper. Anchor @AC360 and correspondent on @60Minutes. Author of NYTimes Best Seller - The Rainbow Comes And Goes https://t.co/1cZvasmMBi,True,Tue Jun 24 22:37:59 +0000 2008,https://t.co/Rjm9rH8wEQ,10003819
177,24712487,"David Waldman-1, of Yorktown LLC‚Ñ¢",,OG filibuster buster. Curator: #GunFAIL. Host: Daily Kos Radio #KITM podcast: https://t.co/IoLGxnHp9F,False,Mon Mar 16 15:49:09 +0000 2009,https://t.co/oPZrPo4JG0,41486
178,17074440,GeorgeStephanopoulos,"New York, NY","@GMA Anchor, @ThisWeekABC Anchor and Chief Anchor of @ABC",True,Thu Oct 30 21:00:45 +0000 2008,http://t.co/ERcbULt4GC,2459516
179,20608910,David Gregory,"Washington, DC ","CNN political analyst. 20 years at NBC News. Write and talk faith, lecturer in Journalism dept at Georgetown and I watch a lot of sports.",True,Wed Feb 11 18:26:23 +0000 2009,,1717032
180,50325797,Chuck Todd,"Washington, DC","Moderator of @meetthepress and @nbcnews political director; Covering politics since '92; And, yes, I tweet about sports too.",True,Wed Jun 24 14:53:20 +0000 2009,https://t.co/x2FeYOW3Fi,2069917
181,34643610,Eric Boehlert,,"Author. Daily Kos. former staffer at Media Matters. Salon, Rolling Stone and Billboard. Utica Club aficionado. Opinions my own.",True,Thu Apr 23 15:39:39 +0000 2009,https://t.co/mVMa2qaHa8,153361
182,9532402,Ben Smith,"Brooklyn, NY",Editor-in-Chief @buzzfeednews. Beats working for a living. Email or gchat ben@buzzfeed.com.,True,Fri Oct 19 00:25:20 +0000 2007,https://t.co/RFH4QzEkRi,302893
183,326255267,andrew kaczynskiü§î,"New York, USA",Reporter at CNN's KFile. Attenti al gatto. üáµüá±-üáÆüáπ/üá¶üá±Gchat: Andrew.w.Kaczynski@gmail.com Instagram:AndyKaczynski,True,Wed Jun 29 16:44:57 +0000 2011,https://t.co/oSGSbsz3Us,308723
184,87490820,Hanna Brooks Olsen,Seattle via Oregon,I wrote that one thing you didn't really agree with. Curious to a fault and prone to profanity. Opinions = mine. She/her.,True,Wed Nov 04 17:45:38 +0000 2009,https://t.co/sSs8h7PeQn,11282
185,16538210,Laura J. Nelson ü¶Ö,"Los Angeles, CA","@latimes transportation reporter. I cover üöô, üöå, üöá, üöï, üö•, üö≤, üö∂üèΩ‚Äç‚ôÄÔ∏è, üõ¥, etc. Proud @latguild organizer. USC alum. Kansan. Tips? laura.nelson@latimes.com",True,Wed Oct 01 01:20:51 +0000 2008,https://t.co/Owd4TbhzZA,27745
186,15228276,BrahmResnik,Phoenix AZ,"Covering local/state/US politics & govt for 12 News/KPNX TV (NBC). Host, 'Sunday Square Off,' at 8 a.m. Sundays 12 News. Tips: bresnik@12news.com",True,Wed Jun 25 06:22:02 +0000 2008,http://t.co/8RstelGMFm,22212
187,2932699952,Harper Neidig,"Washington, DC",Courts reporter for @thehill. ASU alum. All RTs are accidents. hneidig@thehill.com,True,Tue Dec 16 21:10:12 +0000 2014,https://t.co/jP8trvDlbX,1140
188,165511377,Andy Richter,"Burbank, CA","@richtercommaandy on Instagram, Podcast: The Three Questions https://t.co/Grr3xlGE36",True,Sun Jul 11 19:53:21 +0000 2010,https://t.co/C7Jqp9zGZV,1063204
189,609620628,Stove Dewey,"New York, NY",button pusher for @SaintMela,False,Sat Jun 16 00:03:05 +0000 2012,https://t.co/ZfUO7coOk4,153
190,236855437,God Help Us All,United States of America,Don't lean on the shovel and pray for a hole. - Lifelong Republican who is #NeverTrump,False,Tue Jan 11 14:38:27 +0000 2011,,317
191,373801797,Amy Hermalik,United States,"Clinical faculty @uchicagolaw @ijclinic. Biz, gov, & ed. Optimistic realist. Passionate abt people & what we can achieve by working together. Tweets = not work.",False,Thu Sep 15 06:17:46 +0000 2011,,919
192,394741838,Richard Trumka #WEF20,,"President of the @AFLCIO. Proud husband, dad, grandpa, and @MineWorkers member. Fighting to give everyone a voice on the job. #1u | he/him",True,Thu Oct 20 15:15:24 +0000 2011,https://t.co/s4d9ldZLs5,66173
193,104372718,Andrew Strauss,New York City ,"I like sports, politics, mozzarella sticks and Oxford commas. | Lawyer with @Everytown | #LGM | Views are my own üè≥Ô∏è‚Äçüåà | I remember ARTPOP",False,Wed Jan 13 03:58:06 +0000 2010,https://t.co/94k7rpkW6c,1876
194,49859711,Mark Kenny,Canberra,"Columnist. Snr Fellow, Aust Studies Inst (ANU). Director, Nat Press Club. (Erstwhile national affairs editor: SMH & Age) host, Democracy Sausage podcast.",True,Tue Jun 23 02:42:56 +0000 2009,https://t.co/mpUxgjfVN8,30570
195,19817778,Jon Swaine,"New York, NY",Reporter for @washingtonpost investigations ‚Ä¢ jon.swaine@washpost.com ‚Ä¢ Signal: +1-646-926-0436,True,Sat Jan 31 15:08:33 +0000 2009,https://t.co/6MpwXZaeky,58981
196,700439273972097024,TrumpHandTruth,,,False,Thu Feb 18 21:58:31 +0000 2016,,5
197,500217926,Juliannüá∫üá∏üá™üá∏üá≤üáΩüá®üá¶üá©üá∞,DC/CA/CO,"Fmr US Senate & US House senior staffer #ExGOP After 29 yrs in Congress, now immigrant advocate by day, songwriter by night, wakeboarder on weekends, mom always",False,Wed Feb 22 22:37:32 +0000 2012,https://t.co/m2UHcj2VBI,5159
198,38496530,Elahe Izadi,"Washington, D.C.","Pop culture writer @washingtonpost, stand-up comic. I specialize in tahdig memes.",True,Thu May 07 19:22:18 +0000 2009,https://t.co/168aM2s285,18580
199,69004966,Matt Pearce ü¶Ö,matt.pearce@latimes.com,"National correspondent for the Los Angeles Times, covering 2020. May the forces of evil become confused on the way to your house.",True,Wed Aug 26 15:05:15 +0000 2009,,149112
200,165700830,Dennis Atkins,"Teneriffe, Queensland",Journalism is a vote of faith in the future and an endorsement of activism. Freelance provider of commentary & analysis. Words & Such,True,Mon Jul 12 09:06:07 +0000 2010,,15551
201,4121225056,Corey R. Lewandowski,"Washington, DC","TV Commentator, Campaign Manager Donald J. Trump for President 2016, 2X NYTimes Best Selling Author. Senior Advisor to Trump 2020",True,Thu Nov 05 18:19:17 +0000 2015,https://t.co/DKEEYIPuND,496710
202,67728650,The Mountain Goats,North Carolina,spare parts for Megatron's war machine,True,Fri Aug 21 21:48:25 +0000 2009,http://t.co/K5KyoLn0RY,178075
203,315779591,Lahav Harkov,Jerusalem\Tel Aviv,"Diplomatic correspondent & Senior Contributing Editor, The Jerusalem Post, recovering political junkie. Proud Jew and Zionist. Wears pink on Wednesdays.",True,Sun Jun 12 12:42:35 +0000 2011,https://t.co/eQuOInKS7s,49999
204,16330790,Avi Mayer,"Jerusalem, Israel üáÆüá±","Global Comms Director, @AJCGlobal. Previously: @JewishAgency, @IDFSpokesperson, @HouseForeign. Pretty Jewish. No big whoop. avi@avimayer.com / Personal account",True,Wed Sep 17 15:40:01 +0000 2008,https://t.co/WOVyWuuwqG,75553
205,55066811,REAL TEAPARTY‚Ñ¢ 2007,#QTard = Political Teenybopper,First TeaParty 12/16/07 - 1st State Coalition c. 2008 - –ØŒû‚ìãŒ©LUT‚Üë‚òºN #EndTheFed #EndTheWars üáµüá∏#EndTheIRS FAN ACCT OF @NHTPC #conservative pro-humanity anti-govt,False,Wed Jul 08 23:24:15 +0000 2009,https://t.co/0miTTAdBJd,3487
206,532779460,(((Yair Rosenberg))),yrosenberg@tabletmag.com,"Senior writer, @tabletmag. Teller of stories, troller of Nazis. Politics, religion, culture. Newsletter: https://t.co/DnEHrQoPTu",True,Thu Mar 22 03:07:00 +0000 2012,http://t.co/a3OcIe9hkr,75311
207,636665082,Expect some noise,,,False,Mon Jul 16 00:58:21 +0000 2012,,205
208,2479940985,Wyatt,making the office references ,Hey I'm Wyatt. Tweeting nonsense since 2014. Subaru Ambassador. MC Engineering '21,False,Sat Apr 12 22:13:22 +0000 2014,https://t.co/UPNeyCTHvI,281
209,91010436,Bob,Arizona,#TrumpRussia = Still Treason.   Resistance is Patriotic,False,Thu Nov 19 01:44:41 +0000 2009,,1299
210,3515882301,üòé,,,False,Tue Sep 01 20:13:42 +0000 2015,,452
211,558001719,sciencebasedlife,,"Intensivist nurse practitioner; primarily diaphragm & up. Pathophysiology is the heart of critical care. Constantly learning, passing on what I have learned.",False,Thu Apr 19 17:59:56 +0000 2012,,1410
212,14053433,Drugmonkey,Under your bed,"All views are those of my employer, which is me. Going to hell for my wool/linen suit, Deuteronomy 22:11.",False,Thu Feb 28 06:24:05 +0000 2008,https://t.co/LF4GRXaBeM,6208
213,15985291,skywaker9,"Portland, OR","Public Affairs and Policy PhD, Grinnell College alum/alumni council member, PDX native and Blazer/Ducks/Timbers fan.",False,Mon Aug 25 18:42:05 +0000 2008,,2305
214,57814942,Patrick Fenelon üåπ,Saint Paul--NOT MINNEAPOLIS ,Foreign Policy. NBA. Democratic Socialism. Cats. Host of the Land of Ten Thousand Takes Pod. I will fight Elon Musk in Outer Space,False,Sat Jul 18 01:23:44 +0000 2009,https://t.co/BMjDqZkTfF,5724
215,2509428444,Jean-Michel Connard,Bisexual Georgia,"Irritable in the streets, unable to sleep between the sheets. Senior contributor to my underfunded 401(k). Former comms Director @marwilliamson.",False,Tue May 20 06:02:08 +0000 2014,https://t.co/ktDCF6SPee,3669
216,11095932,ùô∏ùöäùöó ùöÇùöôùöéùöóùöåùöéùöõ,,@RedEdge,False,Wed Dec 12 17:30:39 +0000 2007,https://t.co/XQ6o5yuQAX,731
217,5916862,brx0 ‚ùÑÔ∏è‚ùÜ‚ùÑÔ∏è‚ùÖ,pdx.or.us,Mostly harmless.,False,Thu May 10 01:51:01 +0000 2007,http://t.co/3N8XTgsIXg,1456
218,20710665,David Weisz,"Bay Area, CA",,False,Thu Feb 12 19:53:19 +0000 2009,,124
219,15195539,Jane Coaston,"Washington, DC","Senior Politics Reporter at Vox with a focus on the GOP, conservatism, the far-right and white nationalism. Go Blue.",True,Sun Jun 22 06:19:07 +0000 2008,https://t.co/KDXrbRI7th,81881
220,15995442,Michael Scotch,"iPhone: 44.051918,-91.653076",Eric runs on Caribou,False,Tue Aug 26 12:24:07 +0000 2008,,497
221,82908417,#1 Lifelong Nico Collins Fan,"√úT: 42.787474,-82.721558",,False,Fri Oct 16 15:50:20 +0000 2009,,191
222,220619330,Every Republican is a Humanity Failure,"Eugene, OR",IMFUCKINGPEACH,False,Sun Nov 28 09:58:57 +0000 2010,,666
223,51187153,functional moron,he/him,¬Ø\_(„ÉÑ)_/¬Ø,False,Fri Jun 26 19:21:00 +0000 2009,https://t.co/cHZdP4uOdu,523
224,44890463,Dan,"Atlanta, GA",Overly online dad,False,Fri Jun 05 13:24:33 +0000 2009,,346
225,67405781,frank hadder,"Seattle, WA",views are my own.,False,Thu Aug 20 19:51:21 +0000 2009,http://t.co/jnoJdJSjxB,80
226,80955134,NoisyCrowBro,"Portland, Oregon",,False,Thu Oct 08 22:01:47 +0000 2009,,827
227,23218644,David Stieber üåπüåµ,"Denver, CO","Coloradan. Attorney. Leftist, Anarchist, Bi. Likes people, Heavy Metal, comics. Everyone deserves a good life, we have enough stuff here on earth to do it.",False,Sat Mar 07 18:23:43 +0000 2009,,228
228,91627162,Grace,"Portland, OR","MSW student ‚Ä¢ Taurus ‚Ä¢ Clumsy, anxious, and tired ‚Ä¢ She/Her",False,Sat Nov 21 18:34:25 +0000 2009,https://t.co/GtnuxDc7rZ,708
229,13524182,Dave Weigel,"Washington, D.C.","Covering politics for @washingtonpost. daveweigel@gmail.com, 202-334-7387. @CWAUnion member. Buy my book: https://t.co/qbUTkz3CBR (Avatar by @damnyouregis)",True,Fri Feb 15 17:58:23 +0000 2008,https://t.co/fH66dGGX87,493901
230,24789175,James Fallows,,"Book w/ @FallowsDeb 'Our Towns: A 100,000-Mile Journey Into the Heart of America.' Views here=100% personal, not representing any institution.",True,Mon Mar 16 22:56:03 +0000 2009,https://t.co/egDQMcvo0N,172831
231,222554961,Dave Levinthal,"Washington, D.C.","Editor-at-large for @PublicIntegrity. Buffalonian emissary, fake arctic explorer. Tips: dlevinthal@publicintegrity.org",True,Fri Dec 03 19:19:58 +0000 2010,https://t.co/3EwZkEekrM,17571
232,270190324,Tyler Creighton,"Boston, MA","@BU_Law '21. 
Current @CommonCauseMA board. Former @ReThinkDemocrcy. Democracy defender.",False,Tue Mar 22 04:42:13 +0000 2011,https://t.co/0RNvCeJz5E,3005
233,22873033,Jacob Alperin-Sheriff,"Rockville, MD",Jew. Cryptographer. Formerly at NIST,False,Thu Mar 05 03:27:54 +0000 2009,,2072
234,22551119,(((Anya Gelernt-Dunkle))),"Boston, MA","She/Her/Hers.
Graduate Admissions Officer at Bentley University.
Seder Twitter Champion. 
Yes, I am always this loud.",False,Mon Mar 02 23:16:43 +0000 2009,,466
235,53454719,Andrew Theen üöéüöòüö≤üöÉüö¶ üèÄ,"Portland, OR","Nearly an award winning moo-er. üêÑ  Also the transportation reporter for @Oregonian, where I host & produce the Beat Check podcast. Expect #ripcity tweets",True,Fri Jul 03 18:10:54 +0000 2009,https://t.co/8QfAUs7psl,4589
236,361031326,Dena Hellums,Oregon,"Fan of courage, kindness, coffee, a good lipstick and the Oregon Ducks.",False,Wed Aug 24 04:09:04 +0000 2011,,766
237,158414847,The Daily Show,,Trevor Noah & The World‚Äôs Fakest News Team. Weeknights 11/10c @ComedyCentral. Tickets: https://t.co/otjFIiMtNU,True,Tue Jun 22 16:41:05 +0000 2010,https://t.co/BAakBFaEGx,8274818
238,132022097,Andy Daly,Los Angeles,And sometimes movies too.,True,Mon Apr 12 02:14:37 +0000 2010,https://t.co/HihTxSfMXI,154712
239,16303106,Stephen Colbert,,the guy on CBS,True,Mon Sep 15 22:31:44 +0000 2008,,18719192
240,14824849,Steve Martin,"On a plane, probably. ","With a new single out featuring the Steep Canyon Rangers, I‚Äôm a tweetin‚Äô fool.",True,Sun May 18 21:33:55 +0000 2008,https://t.co/IP4IONORL9,8557252
241,25725698,Scott Aukerman,,Host of @ComedyBangBang. co-host of R U Talkin‚Äô R.E.M. RE: ME & @threedomusa. Co-creator/Director of Between Two Ferns. Co-founded @earwolf.,True,Sat Mar 21 20:42:40 +0000 2009,https://t.co/QElO89VNV8,278431
242,6539592,Jim Gaffigan,THE PALE TOURIST TOUR,Text me (646) 980-6600 Male Model. My first wife is @jeanniegaffigan. AMERICAN DREAMER iTunes & Amazon. QUALITY TIME is now on AMAZON PRIME.,True,Sun Jun 03 11:09:19 +0000 2007,https://t.co/goq74AwYGU,2981541
243,19639044,Bill Lascher,"Portland, OR","Journalist, historian, & author of EVE OF A HUNDRED MIDNIGHTS (Morrow). Pinball player. Dodgers Fan. California-grown & Oregon-steeped w/ hints of Ohio & Maine.",True,Wed Jan 28 06:14:27 +0000 2009,https://t.co/UGzJe8lw0P,2706
244,1208710944,Jordo,TANA ---SW WA,Timbers! Crystal Palace! Seahawks! M's! Blazers! The Room!,False,Fri Feb 22 14:29:33 +0000 2013,,82
245,38282454,Emily Dreyfuss,"San Francisco, CA","Writer. Editor. Gesticulator. Editorial Director @protocol_media 

Formerly @wired @niemanfnd @BKCHarvard @cnet",True,Wed May 06 21:34:39 +0000 2009,,19277
246,39534601,Colin Miner,"Portland, Oregon","Manager, News and Content Partnerships, https://t.co/nwqgywa9tb. Have reported for: NYT, KATU, KGW, KOIN, The Oregonian, The NY Sun, NY1 News, NY Post, Washington Post",False,Tue May 12 16:25:02 +0000 2009,,2160
247,18548221,Doug Benson,Los Angeles,"If you can't stand the tweet, unfollow the kitchen. GETTING DOUG W/HIGH on You Tube, DOUG LOVES MOVIES, DINING W/D & K on iTunes",True,Fri Jan 02 07:39:59 +0000 2009,https://t.co/Hr1M3x8OL9,831746
248,6480682,Aziz Ansari,"New York, NY",Pasta lover. I don't tweet much. My new Netflix series Master of None is now streaming on Netflix. I wrote a book called Modern Romance.,True,Thu May 31 19:06:49 +0000 2007,https://t.co/oCZN8Vs1rD,10722705
249,38611183,Brian Posehn,"Encino, CA and the world","comedian, actor, writer, giant idiot",True,Fri May 08 05:06:59 +0000 2009,http://t.co/Xjc9fiMvQ5,353557
250,377518875,Claire Landsbaum,"Brooklyn, NY","Editor @VFHIVE at @VanityFair, formerly @TheCut. She/her.  

claire_landsbaum@condenast.com",True,Wed Sep 21 18:12:55 +0000 2011,https://t.co/MDtudEbsGx,2727
251,139162440,Patton Oswalt,Los Angeles,Mostly a comedian unless I'm acting unless I'm writing unless I'm doing something else look I keep busy. IG: pattonoswalt,True,Sat May 01 19:00:10 +0000 2010,https://t.co/P3o059JEer,4575673
252,16855888,Kurt Andersen,New York City,"author of Fantasyland and novels including True Believers, Heyday, Turn of the Century, TV & theater writer, host Studio 360, ex-editor @nymag, co-creator Spy",True,Sun Oct 19 20:57:50 +0000 2008,https://t.co/6sZSOA3iO9,68084
253,9755772,Luke Marchant,"Dallas, TX",Public Affairs @HKStrategies | @GOP Political Operative | Horrible @PlayApex Player | Certified BBQ Judge @KCBBQSOCIETY,False,Sun Oct 28 16:19:53 +0000 2007,https://t.co/HtkOTthocf,3156
254,21035409,Michael Ian Black,The wilds of Connecticut,9 years in the NFL. 2 rings. #9years2rings,True,Mon Feb 16 22:15:15 +0000 2009,https://t.co/cPYvs6PDFB,1935716
255,4839839353,Trump's Tiny Hands,"The White House, or wherever Melania isn‚Äôt. ","We love Putin handshakes best. Obviously this is a parody account, as Trump‚Äôs real hands are too small to hold anything larger than a flip phone.",False,Sun Jan 31 12:23:43 +0000 2016,https://t.co/11hHsShwB3,411
256,153565484,Gerik Kransky,,Focused on improving air quality in transportation.,False,Tue Jun 08 22:08:16 +0000 2010,,1651
257,23022687,Ted Cruz,"Houston, Texas","Father of two, @heidiscruz's husband, fighter for liberty. Representing the great state of Texas in the U.S. Senate.",True,Fri Mar 06 03:20:20 +0000 2009,https://t.co/dJ4Q3979gw,3524663
258,22106552,Naturalized Brown Citizen,"Paris, France","Politics & miscellany. Yes, I am a US citizen and vote in Pennsylvania. My good tweets are on my other account. He/him.",False,Fri Feb 27 04:24:04 +0000 2009,https://t.co/WdBG2oWEos,3065
259,1180379185,Ben & Candy Carson,"Baltimore, MD ",The Official Twitter Page of Dr. Ben & Candy Carson. Connect on Facebook: https://t.co/eRNZLefKwo,True,Thu Feb 14 21:33:22 +0000 2013,https://t.co/Y9BYJvuSfb,2455374
260,144069825,dylan,,tejana in chicago,False,Sat May 15 06:15:24 +0000 2010,,517
261,16247277,Tahir Anderson Duckett,DC,Founder @we_rethink. Sexual violence prevention. Civil rights attorney @relmanlaw. Alum @AFLCIO. Gooner. He/him. Views are mine alone. No legal advice here.,False,Thu Sep 11 20:38:46 +0000 2008,https://t.co/v58rYrHXWa,2654
262,479175750,George Bailey Smith,"Portland, OR",I am a 7 year old extremely woke puggle.,False,Tue Jan 31 03:00:10 +0000 2012,https://t.co/k7nnVotqP6,1949
263,96178602,Matthew Trevi√±o,Texas,"@UTSA grad, basic person, and Oxford comma advocate. Retweets and opinions are my own.",False,Fri Dec 11 18:27:03 +0000 2009,,308
264,14842829,zarya morgendorffer,stl ,trapped in the belly of this horrible machine | and the machine is being tickled to death | parigi's pal since 2000,False,Tue May 20 06:33:33 +0000 2008,https://t.co/vIikzeElbZ,212
265,21627275,#NoWarWithIran,"Vallejo, CA","Head of #Growth for @NCIAorg. VP of @MinCannBusAssoc. I tweet about #marijuana, #reggae, #marketing, #politics & #HawaiianKingdom. Views expressed are my own.",False,Mon Feb 23 03:26:05 +0000 2009,https://t.co/6yuKPMDcXy,3061
266,31016288,Annie Vergnetti,"Portland, Oregon","Musician/Songwriter, poet, storyteller of bullshit and other life experiences.",False,Tue Apr 14 01:18:24 +0000 2009,,160
267,25596553,Abu Kareem,"District of Columbia, USA","Policy Counsel for @AAIUSA. Father, husband of @yalamiri, #HudsonValley native, @Penn_State & @SyracuseU alumnus. Opinions my own; RTs ‚â† endorsement.",False,Fri Mar 20 23:14:23 +0000 2009,https://t.co/LBmMSrpAkX,1553
268,25541871,·¥Ñ·¥è Ä·¥áy,NYC,"surviving.


Recently @datadoghq, @the_groundwork / @timshel, @netflix.

""Disorganized to the point of irrelevance""",False,Fri Mar 20 17:40:57 +0000 2009,https://t.co/Y1y0rU9A8T,638
269,15035463,(hollaback/cc),Brooklyn,Co-founder of @papers_we_love and PWLConf,False,Sat Jun 07 03:48:41 +0000 2008,https://t.co/ePUJNCD8G8,901
270,14590010,ernest w. durbin iii,cleveland,@thepsf director of infra. opinions mine. @ewdurbin_bikes üö≤üí®. signal/telegram +1.216.217.8688. he/him/his.,False,Tue Apr 29 20:10:53 +0000 2008,https://t.co/eFCdF8X2Ut,2926
271,14188391,Benjamin Warfield Smith,cyberspace,Building tools at @datadoghq. Previously built infra and tooling for @HFA via @the_groundwork.,False,Fri Mar 21 00:21:25 +0000 2008,,1688
272,16989178,James O'Keefe,New York,Guerrilla Journalist. @PVeritas_Action #Expose2020 On the Inside? Email veritastips@protonmail.com or send us an encrypted Signal message at 914-653-3110.,False,Mon Oct 27 00:38:24 +0000 2008,https://t.co/PlgoN6w7J3,701530
273,18774567,Frank Caliendo,"Tempe, AZ",Follow me on Instagram: https://t.co/73Y8zfSiDP . Check out the podcasts: https://t.co/jTFvTLINGh,True,Thu Jan 08 19:07:46 +0000 2009,https://t.co/pABztj42s6,335606
274,454205125,Alexis Ploss,"Lowell, MA",Social Worker. Dog mom. Nerd. Lover of all things Astronomy. She/Her/They. üè≥Ô∏è‚Äçüåà,False,Tue Jan 03 18:52:33 +0000 2012,,169
275,22707889,Lore,"Eugene, Oregon","It's a mad, mad world out there.",False,Wed Mar 04 00:41:17 +0000 2009,,375
276,115740215,Sarah Audelo,"Washington, DC",Organizing alongside my gen always. ED of @alliance4youth Progressive. Chicana. #trinidaddc = home. San Joaquin Valley & RGV have my ‚ù§Ô∏è,False,Fri Feb 19 19:20:32 +0000 2010,https://t.co/2CLksZp2iB,5294
277,576789185,Mitt Romney,"Utah, USA","Co-Founder of Bain Capital, former governor of Massachusetts, Two-time Presidential candidate.",False,Fri May 11 03:09:07 +0000 2012,,231
278,153283457,Shana Radford,Naknuwitpama Timin√© Waq'ishwit,WAIILATPU NIIMIIPUU // Int'L Law // Oregonian // Mother // Sports // Tribal Self Determination and Gov.,False,Tue Jun 08 04:15:15 +0000 2010,,344
279,1682348898,Zo√´ Hayman,"San Diego, CA",Comedian. Leadership Professional. General goofball.,False,Mon Aug 19 04:52:15 +0000 2013,https://t.co/pgHqfVjVMm,25
280,2968880902,Andrew,"Brooklyn, NY",Ohio dog in NYC. Associate Producer with Fox News Investigative Unit. Kent State alum.,True,Fri Jan 09 00:01:27 +0000 2015,https://t.co/4aMi1EkTcY,793
281,126209450,Brian Dunn,"Plymouth, MA","@massaflcio political; Boston sports fan; Alum: Goldberg, Tolman, Wolf, @ewarren, Murray, @urichmond; Democrat; Organizer; Plymouth; opinions mine",False,Thu Mar 25 04:21:17 +0000 2010,https://t.co/tc0mCjG2AG,1264
282,706182797371650048,there fixed itüßÄüç∑üõå,"Pleasantville, NY","Pro peace, science, environment, education and the arts. Social justice. ‚Äúthe future is unwritten,‚Äù Joe Strummer. #KHive",False,Sat Mar 05 18:21:13 +0000 2016,,364
283,389514546,Crazy Katie,"New Jersey, USA",just here to steal yo memes,False,Wed Oct 12 15:12:44 +0000 2011,,192
284,13610982,Hollary Armstrong,"Denver, CO","Lover of food, human rights, clean water and air, people, news, sunshine and @FoodieJason. All views are my own, except re-Tweets...those are someone else's.",False,Mon Feb 18 05:53:06 +0000 2008,https://t.co/cnRmiV1K0q,782
285,752782614,LoveNotFear,"Oregon, USA","‚ÄúWe are only as strong as we are united, as weak as we are divided.‚Äù Harry Potter and the Goblet of Fire, J.K. Rowling",False,Sun Aug 12 09:10:02 +0000 2012,,2471
286,53298953,Jennifer üíé,"Camas, WA",Whatever,False,Fri Jul 03 04:55:44 +0000 2009,,108
287,1362728407,Regular old Siri,PDX,Waitin' on those checks from Soros the GOP keeps promising. #RCTID #BAONPDX,False,Thu Apr 18 19:23:35 +0000 2013,,406
288,65164635,PenelopeK,Boston,"It's just me and a couple of brave, smart, strong, book loving, little feminists against the world. #TheResistance #ThisIsNotNormal #notmypresident",False,Wed Aug 12 21:18:27 +0000 2009,,793
289,17829341,Chris O'Connor,"Portland, Oregon","Portland Public Defender, Vox Clamantis in Deserto.",False,Wed Dec 03 04:52:22 +0000 2008,,3976
290,23612500,Mollie Ruskin,NYC,design. social justice. art. etc. @designgigs4good co-founder + @alliance4youth board. Prev @USDS @InnovFellows.  she/her. will hustle for üçü.,False,Tue Mar 10 16:31:00 +0000 2009,https://t.co/szxZzvsx0n,4483
291,22073470,Tyler,,"Oregonian, transportation, land use, and agriculture policy nerd. Lover of trees, open spaces, interesting people, bicycles, country music, and cookies.",False,Thu Feb 26 22:37:35 +0000 2009,,150
292,17454769,Glenn Beck,"Dallas, TX. Rockies, NYC.","question with boldness - to find the truth - not to prove your point. reconciliation, humility, curiosity, courage, integrity, forgiveness b4 AGI eats us all.",True,Tue Nov 18 00:43:47 +0000 2008,https://t.co/aMsiP4vPLV,1254936
293,18916432,Paul Ryan,"Janesville, WI","Office of the 54th Speaker of the House, Paul Ryan.",True,Mon Jan 12 21:31:25 +0000 2009,https://t.co/87fJD6hVBb,3648172
294,18791763,Karl Rove,"Washington, D.C.","Former Deputy Chief of Staff to President George W. Bush, Author of NYT bestseller, Courage & Consequence, and new book, The Triumph of William McKinley.",True,Fri Jan 09 04:12:46 +0000 2009,https://t.co/CiQVtY3tO0,664985
295,20733972,Reince Priebus,"Kenosha, WI and Washington, DC",President @MichaelBestLaw; Exclusive Speaker @WashSpeakers; Former @GOP Chairman; Former White House Chief of Staff for @realDonaldTrump,True,Fri Feb 13 00:07:00 +0000 2009,https://t.co/3Br83IXzX3,940359
296,52998367,Natasha Geiling,"Berkeley, CA",studying @berkeleylaw & writing about climate change on the internet. live every day like it's scorpio season.,True,Thu Jul 02 07:09:38 +0000 2009,,6871
297,15953944,Kim Rogers,"Austin, TX","random tweets about politics, Iowa, travel, animals, food, music, sports, and kidneys in no particular order. Opinions are my own.",False,Sat Aug 23 03:46:58 +0000 2008,,1117
298,7438022,surya yalamanchili üêí,"les, nyc","was: ceo@PublicStuff + non-ceo @ $PG, $LNKD, $GRPN :P | US House Dem nominee '10-OH2 | |still: amateur writer | semi-pro public markets | no justice, no peace |",False,Thu Jul 12 20:40:48 +0000 2007,https://t.co/F776RlLa2T,1912
299,44123487,Sam Biddle,,sam.biddle[at]https://t.co/PW7mSAoQNr / sambiddle[at]https://t.co/LpPvQHvj9y ‚Äî  Signal: +1 978 261 7389,True,Tue Jun 02 14:06:36 +0000 2009,https://t.co/FHNO1nSBkh,47919
300,35294738,John Cook,"yes, jersey",Investigations editor at Business Insider. Former executive editor of Gawker Media and editor-in-chief of The Intercept. DMs open.,False,Sat Apr 25 19:56:28 +0000 2009,https://t.co/6YaN5hPGLH,28094
301,17681505,Max Read,üç¥üçæ,"winner of the village voice ""best personal tumblr"" award, 2011",False,Thu Nov 27 16:06:09 +0000 2008,https://t.co/jZwwE4P1aR,43827
302,20605481,Adrian Chen,"Los Angeles, CA",Writer. Working on a book. Adrian802@gmail.com,True,Wed Feb 11 17:39:57 +0000 2009,https://t.co/0mb1r2shqw,52821
303,23201559,‚ùÑÔ∏è kyle ‰∏≠Âíå winturner ‚ùÑÔ∏è,"Brooklyn, NY",lost in an ideological leather bar. Writer/film bb/sissy sophisticate/not a golem. @PasteMovies boi/@instagram bae. + @nytimes @npr @gqmagazine. tweets thieved,True,Sat Mar 07 15:26:02 +0000 2009,https://t.co/Am2YR29kf1,6689
304,236026761,Dylan Byers,"Los Angeles, CA","Senior Media Reporter, NBC News & MSNBC ‚Ä¢ Author of the Byers Market daily newsletter dylan.byers@nbcuni.com",True,Sun Jan 09 16:46:13 +0000 2011,https://t.co/1DGO9l4k4J,93048
305,24266099,A Jason Tabrys,In the thick of it,"@UPROXX writer/editor, baseball/comedy nerd, beard icon, friend to dog, TCA member, former dance champ. All opinions expressed are mine, especially weird ones.",True,Fri Mar 13 22:09:21 +0000 2009,https://t.co/JEAkxCqZcx,2026
306,117578907,Dev O‚ÄôSaurus-Rex,"Basically Oregon, California ","Improv comedian, stand-up comic and juggler of flaming words. They/Them.",False,Fri Feb 26 00:05:39 +0000 2010,,364
307,27394057,Ann Branson,"Seaside, OR","I'm hella cool and a total dork. I have a lot of opinions & thoughts, mostly on tv and politics. Pronouns: she/her",False,Sun Mar 29 06:55:29 +0000 2009,,171
308,704412807127814144,short fingers,,why are trumps fingers so darn short? find out here!,False,Mon Feb 29 21:07:55 +0000 2016,https://t.co/wNk6PgRPHf,26
309,46416755,Lillian Karabaic,lillian@anomalily.net,"I make educational content about purrsonal finance as @ohmydollar ~ making radio @xrayfm | üòªüíµ wrote ‚ÄúA Cat's Guide to Money"" | üö≤üíï üöÜ| she/her üè≥Ô∏è‚Äçüåàüë©üèº‚Äçüé§",False,Thu Jun 11 15:53:41 +0000 2009,https://t.co/KPVIUdWREe,2625
310,3138305454,Jack,PDX/USA,"Confused Texan in Oregon. ESG/real estate consultant, scenery aficionado. #RCTID #BAONPDX #switchbackcinema. I once lived in Waco.",False,Sat Apr 04 03:17:07 +0000 2015,https://t.co/gOmy7HuVlm,381
311,52136185,Michael Cohen,New York,,True,Mon Jun 29 18:11:49 +0000 2009,https://t.co/t4zq5fOpoV,427178
312,609511770,Graydon Carter,,"Editor-in-Chief, Vanity Fair",False,Fri Jun 15 21:03:46 +0000 2012,,2636
313,15745368,Marco Rubio,United States,"Follower of Christ,Husband,Father, Proud AMERICAN, US Senator for Florida, #GatorNation & #FinsUp. Official tweets @SenRubioPress & Campaign tweets @TeamMarco",True,Wed Aug 06 03:07:06 +0000 2008,https://t.co/xm4vZLmGV0,4050192
314,15956067,Jose Antonio Vargas,United States,"Founder, @DefineAmerican. Journalist, filmmaker, co-producer of @constitutionbwy. Author of bestselling book ""Dear America: Notes of an Undocumented Citizen.""",True,Sat Aug 23 11:18:35 +0000 2008,https://t.co/yO3UM8BX16,106638
315,19934979,B,,"It was the best of times, it was the blurst of times.",False,Mon Feb 02 21:40:55 +0000 2009,,848
316,14717197,Talking Points Memo,NY & DC,"Breaking news and analysis from the TPM team. 

‚ÄúI‚Äôll leave that to the geniuses at Talking Points Memo."" ‚ÄîTucker Carlson.",True,Fri May 09 19:46:43 +0000 2008,http://t.co/ZyHPG61Yqv,279791
317,176569533,Denis C. Theriault (he/him/his),"Portland, OR","Comms for Portland/@Multco's Joint Office of Homeless Services ||| formerly politics editor @oregonian, news editor @portlandmercury, editor/writer @mercurynews",True,Mon Aug 09 22:04:40 +0000 2010,https://t.co/6s0c4pGQVs,4500
318,1471542956,Elizabeth Bruenig,,"Christian. Mama. Bird enjoyer. Opinion writer at @nytimes.

News tips: elizabeth.bruenig@gmail.com. Also on signal.",True,Fri May 31 07:06:34 +0000 2013,,130218
319,21268897,Josh Marshall,New York City,Founder and reigning monarch at TPM. Lapsed historian. Polk Award winner.,True,Thu Feb 19 02:41:22 +0000 2009,https://t.co/PwdfPkQfTw,291153
320,50446226,Jonathan Chait,"Washington, D.C.",Writer for New York magazine.  Notifications turned off.,True,Wed Jun 24 21:26:30 +0000 2009,http://t.co/P2yVPAMdBp,178985
321,604940737,Jeet Heer,Germany,"1. National-Affairs Correspondent, The Nation 2.  email: jeetheer1967 at gmail dot com 3. Twitter essayist 4. Profile drawing by Joe Ollmann",True,Sun Jun 10 23:41:23 +0000 2012,https://t.co/f9gUyz1Tc0,205076
322,20508720,Greg Sargent,,"A blog about politics, politics, and politics",True,Tue Feb 10 12:04:17 +0000 2009,https://t.co/Bx7pTZ6DYZ,251148
323,16326882,Adam Serwerüçù,"√úT: 38.908339,-77.040837","Staff Writer, @TheAtlantic Ideas. My jokes aren't funny. adam@theatlantic.com",True,Wed Sep 17 12:10:49 +0000 2008,,239562
324,14190948,b-boy bouiebaisse,"Charlottesville, VA","My name is Jamelle Bouie. @nytopinion columnist, formerly of @slate and @theprospect. @CBSNews Analyst. 
email: jamelle DOT bouie AT nytimes DOT com",True,Fri Mar 21 12:46:26 +0000 2008,https://t.co/1MjC11OKlj,301886
325,16129920,Rachel Maddow MSNBC,"New York, NY USA","I see political people...
(Retweets do not imply endorsement.)",True,Thu Sep 04 15:02:12 +0000 2008,http://t.co/KtNvfeNDMl,9820927
326,4207961,Chris Hayes,Brooklyn,"Dad to Ryan, David and Anya
Proud husband of @kateashaw1
Host of @allinwithchris on MSNBC, weeknights at 8pm. 
#WITHPod Host
Cubs fan
Insta: chrislhayes",True,Wed Apr 11 16:43:58 +0000 2007,http://t.co/1Wz5MmBtpw,1983470
327,18622869,Ezra Klein,DC,"Founder and editor-at-large, https://t.co/5gESirnht7. ""Why We're Polarized,"" coming January: https://t.co/cI4cmY8oRJ Podcasts: https://t.co/eWbNmITrke",True,Mon Jan 05 04:02:29 +0000 2009,https://t.co/wBTAiFOdu2,2543654
328,16491683,Willamette Week,"Portland, Ore.",Willamette Week is Portland's favorite media company. Sign up for our daily newsletter: https://t.co/qGeo6yN3Tg. Become a Friend of Willamette Week: https://t.co/hJb7IegBcw,True,Sat Sep 27 22:00:43 +0000 2008,https://t.co/RxbYTq9Oc3,185913
329,18618881,Matt Singer,"Denver, CO",social impact et cetera @beimpactual. Founder of @NatlVoterRegDay. Formerly @alliance4youth & Forward Montana. #DemocracyClown #whalejoke,False,Mon Jan 05 01:18:09 +0000 2009,https://t.co/wFsKPRE03h,3052
330,15446531,Matthew Yglesias,"Washington, DC",Writing a book: ONE BILLION AMERICANS; podcasting on THE WEEDS; blogging at https://t.co/5gESirESRH; proud owner of a non-conforming garage,True,Tue Jul 15 21:44:28 +0000 2008,https://t.co/nOeiO7sYh8,442939
331,352122880,ùêÅùê´ùêöùêßùêùùê®ùêß ùêÉùê®ùêÆùê†ùê°ùêöùêßüóØ,"Brooklyn, NY",Co-founder and Master Brewer at Brooklyn Kura #sake He/Him,False,Wed Aug 10 05:21:53 +0000 2011,https://t.co/oxGX94oGzh,2043
332,177433166,JDate Redick,Portland/Los Angeles,head chef - late late show. standup comedian.,True,Thu Aug 12 03:26:06 +0000 2010,,56883
333,15250836,üÖ∞Ô∏èdriel HüÖ∞Ô∏èmpton,"San Diego, CA","Utopian socialist candidate for California Gov 2022. 

Digital marketer. Took Facebook fight viral.

The most heroic word in all languages is revolution‚ÄîEV Debs",True,Fri Jun 27 02:23:11 +0000 2008,https://t.co/v7G1DnIUFB,31221
334,232863368,ùêÅùêûùêöùê´ùêùùêûùêù ùêíùê≠ùê®ùêßùêûùê´,Lost,"in a culture of forgetting, I remember. he/him",False,Sat Jan 01 15:14:30 +0000 2011,https://t.co/Hseu1rJXqA,16680
335,40018563,Drew Olsen,"Rip City to Washington, DC",Data nerd. American soccer and progressive politics by the numbers. Editor-guy for @analysisevolved. #RCTID,False,Thu May 14 15:43:30 +0000 2009,https://t.co/jmmEPTsv6H,1302
336,349298514,Maggie Williams,"Portland, OR",Prodigal daughter returns to Portland to find she's now constantly overdressed for her hometown. (she/her),False,Fri Aug 05 21:54:05 +0000 2011,,703
337,52319604,Noah Manger,"Portland, OR",Mostly computer stuff and mad tweets. Co-Founder of @PizzaToThePolls.,False,Tue Jun 30 05:54:57 +0000 2009,,1227
338,829822585,Amber J. Phillips,"Los Angeles, CA",Storyteller | Political Content Strategist | Reproductive Justice Activist | Abundant,False,Mon Sep 17 21:12:19 +0000 2012,https://t.co/LPRPDXkDu9,9899
339,30098259,Jamal Raad,Seattle,@JayInslee comms. @SenJeffMerkley alum. A 140 character guy in a 280 character world,True,Thu Apr 09 23:37:19 +0000 2009,https://t.co/44s6Py6unw,3830
340,55098315,Stephen Judkins,"Portland, OR","software gnome, bikes and stuff, economics, crotchetiness",False,Thu Jul 09 01:29:03 +0000 2009,http://t.co/AHOz5wHSZT,1337
341,230355582,Chris Stewart,"Chicago, IL","Politics and Non-Profits ~ Texan, currently at Harvard Kennedy School ~ Beautiful as a goddess and funny as a clam",False,Sat Dec 25 05:07:34 +0000 2010,,543
342,28948401,ÍôÆkillian czubaÍôÆ,mattress planet,basically an android in serious need of an upgrade // (she/her),False,Sun Apr 05 05:41:57 +0000 2009,,906
343,14759621,Scott Riker Duncombe,"Portland, OR","Software Engineer interested in genomics, civic engagement, and politics. Co-creator of @pizzatothepolls. I mostly just retweet jokes. he/him",False,Tue May 13 14:47:52 +0000 2008,https://t.co/V0w3Or5BKY,545
344,17146018,Aaron Mesh,"Portland, OR","Willamette Week news editor. Lapsed movie critic, Trail Blazers fan, aspiring Brutalist. Not untrue and not unkind.",False,Tue Nov 04 01:39:48 +0000 2008,https://t.co/UXJ3fIfI2b,9320
345,15729844,Max Berger üî•,"Brooklyn, New York",Political Team @ewarren | Formerly @justicedems @IfNotNowOrg | He/Him/His,True,Tue Aug 05 00:09:12 +0000 2008,https://t.co/roMkdJZJx2,25500
346,35911700,SenatorShemia,"Oregon, USA",She/her; Oregon State Senator; mom of littles; civil rights attorney; Democrat; karaoke üé§ anytime; board game aficionado,False,Mon Apr 27 23:52:43 +0000 2009,https://t.co/9Y0gcUXi9B,3648
347,14594844,Desus Nice,BRONX ‚úàÔ∏è‚úàÔ∏è ‚úàÔ∏è NYC ‚úàÔ∏è‚úàÔ∏è DÃ∂UÃ∂BÃ∂AÃ∂IÃ∂,@ShoDesusandMero on @showtime  | @Bodegaboys on Itunes | Gottlieb in @neoyokio on @netflix | IG: desusnice,True,Wed Apr 30 02:36:30 +0000 2008,https://t.co/2SFKdxa0eI,970794
348,14966677,Jordan_Morris,"Los Angeles, CA","Comedy writer (Comedy Central, Cartoon Network, Disney +) Podcast do-er (Jordan, Jesse, Go!, Bubble).",False,Sat May 31 21:52:40 +0000 2008,https://t.co/p9lBCvNs4W,33690
349,17202463,Ben Wessel,"San Francisco, CA","Executive Director at @NextGenAmerica. Obsessed with #youthvote.
Former: @CoryBooker, @350, @barackobama, @Middlebury.
DC native.
He/Him/His.",False,Thu Nov 06 01:29:42 +0000 2008,https://t.co/DxB0F6qxWN,4865
350,575800667,Hayley,"Portland, OR",apparently the only one earnestly hoping my email found you well,False,Thu May 10 00:43:05 +0000 2012,,198
351,49698134,Joy Reid,NYC,"‚ÄúIgnorance, allied with power, is the most ferocious enemy justice can have.‚Äù - James Baldwin #AMJoy #reiders",True,Mon Jun 22 17:29:54 +0000 2009,https://t.co/Q92ZKnWsGE,1523218
352,173190525,Ashley Spillane,"Washington, DC","Social impact strategist @BeImpactual. Fmr president @RockTheVote, advisor to @HarvardIOP. Yoga, politics, @Patriots obsessed. @Kennedy_School alum.",False,Sat Jul 31 17:50:51 +0000 2010,https://t.co/nLbzd10pq2,3054
353,31058918,Anna Chu,,"NWLC, formerly @amprog, DSCC, House Dem Caucus, mom of toddler, views my own",False,Tue Apr 14 04:37:07 +0000 2009,,696
354,46213956,Jamil Smith,"Los Angeles, CA","Senior Writer, @RollingStone.",True,Wed Jun 10 20:18:48 +0000 2009,https://t.co/Fkm4fuYZtY,247935
355,617854798,Maggie Jordan,New York and DC,Field Producer in D.C. for News Night on #ACN. Not affiliated with @HBO or #TheNewsroom,False,Mon Jun 25 06:49:24 +0000 2012,,33246
356,14588814,Rebecca,Chicago Il,Doing too much.,False,Tue Apr 29 18:48:19 +0000 2008,,415
357,15464697,Judd Legum,"Washington, DC","I write Popular Information, a newsletter about politics and power. 

Send tips: DMs open | judd@popular.info |  jlegum@protonmail.com",True,Thu Jul 17 05:37:26 +0000 2008,https://t.co/7lEYXJGXf5,392517
358,14155907,jelani cobb,Following the North Star GPS,"Harlem Resident, Staff Writer @NewYorker. Professor @Columbiajourn, Foxhole Atheist. Skeptical citizen. Rooting for (almost) everybody black.",True,Sun Mar 16 02:54:24 +0000 2008,https://t.co/vBP4QZvtAe,217490
359,18025377,Michael Weiss,"New York, NY",Co-author of NYT bestseller ISIS: Inside the Army of Terror: https://t.co/OaFyeP2txU. Daily Beast Editor-at-Large. GRU aficionado. Encrypt e: macspaunday@protonmail.com,True,Wed Dec 10 18:01:28 +0000 2008,https://t.co/IpdU88AxLb,129941
360,482385901,Nikki,"Portland, Oregon",All views are my own.,False,Fri Feb 03 21:08:32 +0000 2012,,976
361,29450962,John Lewis,"Atlanta, GA","Congressman, Georgia's Fifth Congressional District",True,Tue Apr 07 13:49:52 +0000 2009,http://t.co/jkhd3kZYNd,1135303
362,18963809,Chris Moody,Everywhere,"Correspondent at @VICE. 
@TFASorg Novak Journalism Fellow. 
Formerly @CNN.
Also I lived in a tiny house I built into a cargo van.",True,Wed Jan 14 02:29:32 +0000 2009,,32047
363,58725707,üåπCurtis Hierro üèÄüî•,"Miami, FL",Socialista in the 305 doing the union's work. #CWAstrong #DSA #DreamDefenders alum #HipHop Head. #Politics #Wrestling #NBATwitter Opinions my own. üá®üá∫,False,Tue Jul 21 06:34:53 +0000 2009,,1090
364,316389142,John Oliver,New York,"Comedian. @LastWeekTonight, @TheDailyShow, The Bugle Podcast (@hellobuglers)",True,Mon Jun 13 11:25:14 +0000 2011,http://t.co/qbOinEMIHG,5292437
365,14529929,Jake Tapper,,"Dad, husband, CNN Anchor of @TheLeadCNN and @CNNSOTU, author of the NYT best-selling novel @TheHellfireClub and non fiction @TheOutpostBook",True,Fri Apr 25 17:23:28 +0000 2008,https://t.co/MMatLD6M20,2245314
366,408902268,Tim Wise,,Fighting alt-right Nazis since '89. Essays at https://t.co/kGaUQPWlXA & https://t.co/N8RL5kCF4s. Books at https://t.co/qULLibvMAk Make America Great for the First Time,True,Thu Nov 10 01:29:14 +0000 2011,https://t.co/3EWahL2YSL,127560
367,2176138431,Crist√≥bal Alex,"Washington, DC",Dad to #BabyBoss. Senior Advisor to @JoeBiden. Founding President @latinovictory. Proud @HFA alum. Civil rights lawyer. Son of immigrants. #ElPaso,True,Sun Nov 10 20:04:07 +0000 2013,https://t.co/yOjvJk8TBa,8317
368,12811282,Jonathan Singer,"Portland, Oregon","Lawyer and recovering blogger writing on politics, law, and culture. Views are my own, tweets don't constitute legal advice, etc.",False,Tue Jan 29 02:12:58 +0000 2008,https://t.co/xo0p7jEd5A,3417
369,65551087,Hayes Brown,"New York, NY",Senior Reporter and Editor @BuzzFeedWorld. Host of ‚ÄúThat Literally Happened!‚Äù on Facebook Watch and the ‚ÄúImpeachment Today‚Äù podcast. He/him. Thoughts mine.,True,Fri Aug 14 03:30:42 +0000 2009,https://t.co/Ry0PIgsZV3,51392
370,246394886,mike ginn,"Los Angeles, CA","high functioning loser. writer: tv, internet",True,Wed Feb 02 18:21:51 +0000 2011,https://t.co/JLpcO66Txj,250997
371,207614964,Eloise LeBel,"Los Angeles, CA","they/she/queer/whatever
gender isn't real",False,Mon Oct 25 17:39:43 +0000 2010,https://t.co/AtSH6l1Ut3,1280
372,2436389418,SwiftOnFullSpectrumCyberSecurity,"Cyber, USA","Systems security, industrial safety, author https://t.co/LUiVUeE6gN + https://t.co/rzDVLlLn6y, write SciFi, sysadmin, & use Oxford commas. they/them/tay",False,Thu Apr 10 02:54:26 +0000 2014,https://t.co/8OV6y5BH0K,300117
373,3497941,Oliver Willis,"Winter Park, FL",Senior Writer @AmerIndependent. Prev @mmfa.  I also write Fanfic about The News - join now! https://t.co/helKgw7AnY,True,Thu Apr 05 07:03:07 +0000 2007,https://t.co/q7JMFdCl9l,131415
374,12096202,Emily Nussbaum,,TV Critic for The New Yorker. ‚ÄúI Like to Watch: Arguing My Way Through The TV Revolution.‚Äù https://t.co/DaI3zWvv1Q,True,Fri Jan 11 02:48:19 +0000 2008,https://t.co/DaI3zWvv1Q,244009
375,79923701,Lin-Manuel Miranda,"Washington Heights, Manhattan",he/him. Ham. we came to work & to live & we got a lot in common,True,Mon Oct 05 04:59:07 +0000 2009,https://t.co/1U0poRLi4I,3037509
376,22737278,David Roberts,"Seattle, WA","Seattleite transplanted from Tennessee; now blogging for https://t.co/5gESirnht7 about energy politics. Climate hawk, deficit dove. Not a doctor.",True,Wed Mar 04 05:14:12 +0000 2009,http://t.co/AMWwRyre24,139110
377,26165922,Ian Millhiser,"Washington, DC","Senior Correspondent, Vox. I blame James Madison. Author of Injustices: The Supreme Court's History of Comforting the Comfortable and Afflicting the Afflicted",True,Tue Mar 24 03:14:52 +0000 2009,https://t.co/Yj42fk1Ljo,75081
378,16002085,igorvolsky,"Washington, DC",Executive Director of @gunsdownamerica | Author of https://t.co/hVrTvVbVgj (out now!) | Email me: igor@gunsdownamerica.org | All opinions are mine.,True,Tue Aug 26 20:17:23 +0000 2008,https://t.co/oZto49ZDMH,170246
379,45399148,Jennifer Epstein,,"Reporter at Bloomberg News on the 2020 Democratic campaign trail. Previously covered Trump, Clinton, Obama. jepstein32@bloomberg.net",True,Sun Jun 07 19:02:54 +0000 2009,https://t.co/Uo2w9EF91K,99608
380,318692762,the supreme court will destroy everything we want,the means of production,Co-founder and Executive Director @DataProgress. Overton Window Mover. Polling for @TakeBackTheCt. Board @SecurElections. seanadrianmc [at] gmail,True,Thu Jun 16 22:07:49 +0000 2011,https://t.co/hYZitnrzvz,93429
381,885210589,Tony Jordan üòπüëÄ,"Portland, OR",Enlisted full time in the War on Cars: Parking Division,False,Tue Oct 16 20:08:23 +0000 2012,https://t.co/n1NahfxZSn,1910
382,2328421,Patrick Monahan,"New York, NY",not the Train guy. cherries jubilee and that's it | @whatatimepod (https://t.co/WOpVe6hegs) | instagram: @pattymo | contact: pattymo@pattymo.com,True,Mon Mar 26 17:42:52 +0000 2007,https://t.co/c7Xkn26iqk,153459
383,21879831,Zerlina Maxwell,New York,"Senior Director of Progressive Programming for @SiriusXM
*
@MSNBC Political Analyst
*
CO-HOST of @SIGNALBOOSTSHOW
*
INQUIRIES: gisselle@lopeztalent.com",True,Wed Feb 25 15:59:52 +0000 2009,https://t.co/sJdS1flpC0,218226
384,52521572,Michael Grunwald,"Miami Beach, FL","Senior writer, @POLITICOMag. Editor-at-large, The Agenda. Author of The New New Deal: The Hidden Story of Change in the Obama Era.",True,Tue Jun 30 21:08:41 +0000 2009,http://t.co/i4nAWxDEzQ,42742
385,368463432,Carl Larson,"Boston, MA","Lover of cities, bikes, and rock and roll.",False,Mon Sep 05 17:43:50 +0000 2011,,1008
386,139761989,Anna Ruby,,"Seattle transplant, travel junkie, and content person for @vamotravel",False,Mon May 03 16:10:07 +0000 2010,,14
387,15445527,Next Up Action Fund,Oregon,Engaging the next generation of leaders to create a more accesible and equitable Oregon. Formerly The Bus Project #WereNextUp,False,Tue Jul 15 20:26:51 +0000 2008,https://t.co/KHNVKgo1bE,4091
388,27553611,Henry Kraemer üåπüåáüöé,"Portland, OR","Social democrat, writing on pro-housing & pro-tenant politics @dataprogress. Architect of US automatic voter registration. Day job is in renewable energy.",False,Mon Mar 30 01:29:49 +0000 2009,https://t.co/B8RQQcU9HH,6581
389,43055120,Brock Howell,"Seattle, Washington","üö≤ üöå üê≥

champion of 15/20/25 DE/SIGN SPEEDS",False,Thu May 28 05:32:45 +0000 2009,https://t.co/7wIMgMwIsO,2319
390,17568472,Tiny Hands Jewelry,"Minneapolis, MN","Super cute scented food jewelry  ‚ô• As seen on Parks and Recs, Rachael Ray magazine & more! Blogs about handmade business marketing at https://t.co/GN61f6HJSF",False,Sun Nov 23 03:56:46 +0000 2008,http://t.co/aSYKci6qKA,2201
391,1322823788,One Tiny Hand,,Only one tiny hand.,False,Tue Apr 02 16:30:20 +0000 2013,,19
392,529857366,one tiny hand,,"one small step for hands, one giant leap for mankind.",False,Mon Mar 19 23:21:59 +0000 2012,http://t.co/1bUuX9sYD4,808
393,28624720,Love Justice Int'l,"Lincoln, NE",Love People. Fight for Justice. Formerly Tiny Hands International.,False,Fri Apr 03 18:36:37 +0000 2009,https://t.co/Urn0IQeRwo,3900
394,13857342,needlessly obscenity-laced,"Portland, OR","senior cloud engineer. partially blind. oldest osu! gamer, very gamer swole. Founder, Online Abuse Prevention Initiative. I hate systemd. gaming: @grandma_kj",True,Sat Feb 23 07:27:19 +0000 2008,https://t.co/XYjnFQFhbi,19911
395,74335575,Small Hands Big Art,"Charlotte, NC","a children's art studio in Charlotte and coming soon to Fort Mill, SC. little glimpses from our studio +  funny things kids say.",False,Tue Sep 15 02:04:48 +0000 2009,https://t.co/CBwsU2iIEL,621
396,16751760,Small Hand Foods,,"Classic Ingredients for Delicious Cocktails.
Tweets from founder Jennifer Colliau and the Small Hand Foods company.",False,Wed Oct 15 01:27:20 +0000 2008,http://t.co/Ze8fqNmyZj,1092
397,1536791610,President Obama,"Washington, D.C.",This is an archive of an Obama Administration account maintained by the National Archives and Records Administration (NARA).,True,Fri Jun 21 16:02:21 +0000 2013,https://t.co/OTH6ss7aE4,14960898
398,1339835893,Hillary Clinton,"New York, NY","2016 Democratic Nominee, SecState, Senator, hair icon. Mom, Wife, Grandma x3, lawyer, advocate, fan of walks in the woods & standing up for our democracy.",True,Tue Apr 09 18:04:35 +0000 2013,https://t.co/99DVW9q1yt,26501435
